part_no,value,volume,ESR,ESL
EKZE250Exx101MF11D,100,0.343,222.8169203286535,4.389e-07
EKZE250Exx221MHB5D,220,0.578,101.28041833120614,1.995e-07
EKZE250Exx331MH15D,330,0.754,67.52027888747077,1.33e-07
EKZE250Exx331MJC5S,330,0.982,67.52027888747077,1.33e-07
EKZE250Exx471MH20D,470,1.005,47.407855389075216,9.34e-08
EKZE250Exx471MJ16S,470,1.257,47.407855389075216,9.34e-08
EKZE250Exx681MJ20S,680,1.571,32.76719416597846,6.45e-08
EKZE250Exx101MF11D+EKZE250Exx101MF11D,50.0,0.686,445.633840657307,8.778e-07
EKZE250Exx101MF11D+EKZE250Exx102MK20S,90.9090909090909,2.797,245.0986123615189,4.828e-07
EKZE250Exx101MF11D+EKZE250Exx152MK25S,93.75,3.411,237.67138168389707,4.682e-07
EKZE250Exx101MF11D+EKZE250Exx182MK30S,94.73684210526316,4.024,235.1956381246898,4.633e-07
EKZE250Exx101MF11D+EKZE250Exx182ML20S,94.73684210526316,4.364,235.1956381246898,4.633e-07
EKZE250Exx101MF11D+EKZE250Exx221MHB5D,68.75,0.921,324.09733865985964,6.384e-07
EKZE250Exx101MF11D+EKZE250Exx222MK35S,95.65217391304348,4.638,232.94496216177413,4.588e-07
EKZE250Exx101MF11D+EKZE250Exx272ML25S,96.42857142857143,5.369,231.06939885934437,4.552e-07
EKZE250Exx101MF11D+EKZE250Exx331MH15D,76.74418604651163,1.097,290.33719921612425,5.719e-07
EKZE250Exx101MF11D+EKZE250Exx331MJC5S,76.74418604651163,1.325,290.33719921612425,5.719e-07
EKZE250Exx101MF11D+EKZE250Exx471MH20D,82.45614035087719,1.348,270.22477571772873,5.323e-07
EKZE250Exx101MF11D+EKZE250Exx471MJ16S,82.45614035087719,1.6,270.22477571772873,5.323e-07
EKZE250Exx101MF11D+EKZE250Exx681MJ20S,87.17948717948718,1.914,255.58411449463196,5.034e-07
EKZE250Exx101MF11D+EKZE250Exx821MJ25S,89.1304347826087,2.306,249.9897154906844,4.924e-07
EKZE250Exx102MK20S+EKZE250Exx102MK20S,500.0,4.909,44.5633840657307,8.78e-08
EKZE250Exx102MK20S+EKZE250Exx152MK25S,600.0,5.522,37.136153388108916,7.32e-08
EKZE250Exx102MK20S+EKZE250Exx182MK30S,642.8571428571429,6.136,34.660409828901656,6.83e-08
EKZE250Exx102MK20S+EKZE250Exx182ML20S,642.8571428571429,6.476,34.660409828901656,6.83e-08
EKZE250Exx102MK20S+EKZE250Exx221MHB5D,180.327868852459,3.032,123.5621103640715,2.434e-07
EKZE250Exx102MK20S+EKZE250Exx222MK35S,687.5,6.75,32.40973386598597,6.38e-08
EKZE250Exx102MK20S+EKZE250Exx331MH15D,248.1203007518797,3.208,89.8019709203361,1.769e-07
EKZE250Exx102MK20S+EKZE250Exx331MJC5S,248.1203007518797,3.436,89.8019709203361,1.769e-07
EKZE250Exx102MK20S+EKZE250Exx471MH20D,319.7278911564626,3.46,69.68954742194056,1.373e-07
EKZE250Exx102MK20S+EKZE250Exx471MJ16S,319.7278911564626,3.711,69.68954742194056,1.373e-07
EKZE250Exx102MK20S+EKZE250Exx681MJ20S,404.76190476190476,4.025,55.04888619884381,1.084e-07
EKZE250Exx102MK20S+EKZE250Exx821MJ25S,450.54945054945057,4.418,49.45448719489627,9.74e-08
EKZE250Exx152MK25S+EKZE250Exx221MHB5D,191.86046511627907,3.646,116.13487968644971,2.288e-07
EKZE250Exx152MK25S+EKZE250Exx331MH15D,270.4918032786885,3.822,82.37474024271432,1.623e-07
EKZE250Exx152MK25S+EKZE250Exx331MJC5S,270.4918032786885,4.05,82.37474024271432,1.623e-07
EKZE250Exx152MK25S+EKZE250Exx471MH20D,357.8680203045685,4.073,62.26231674431878,1.226e-07
EKZE250Exx152MK25S+EKZE250Exx471MJ16S,357.8680203045685,4.325,62.26231674431878,1.226e-07
EKZE250Exx152MK25S+EKZE250Exx681MJ20S,467.88990825688074,4.639,47.62165552122202,9.38e-08
EKZE250Exx152MK25S+EKZE250Exx821MJ25S,530.1724137931035,5.031,42.02725651727448,8.28e-08
EKZE250Exx182MK30S+EKZE250Exx221MHB5D,196.03960396039605,4.26,113.65913612724243,2.239e-07
EKZE250Exx182MK30S+EKZE250Exx331MH15D,278.8732394366197,4.436,79.89899668350706,1.574e-07
EKZE250Exx182MK30S+EKZE250Exx331MJC5S,278.8732394366197,4.663,79.89899668350706,1.574e-07
EKZE250Exx182MK30S+EKZE250Exx471MH20D,372.68722466960355,4.687,59.78657318511152,1.178e-07
EKZE250Exx182MK30S+EKZE250Exx471MJ16S,372.68722466960355,4.938,59.78657318511152,1.178e-07
EKZE250Exx182MK30S+EKZE250Exx681MJ20S,493.5483870967742,5.252,45.145911962014765,8.89e-08
EKZE250Exx182MK30S+EKZE250Exx821MJ25S,563.3587786259542,5.645,39.55151295806722,7.79e-08
EKZE250Exx182ML20S+EKZE250Exx221MHB5D,196.03960396039605,4.599,113.65913612724243,2.239e-07
EKZE250Exx182ML20S+EKZE250Exx331MH15D,278.8732394366197,4.775,79.89899668350706,1.574e-07
EKZE250Exx182ML20S+EKZE250Exx331MJC5S,278.8732394366197,5.003,79.89899668350706,1.574e-07
EKZE250Exx182ML20S+EKZE250Exx471MH20D,372.68722466960355,5.027,59.78657318511152,1.178e-07
EKZE250Exx182ML20S+EKZE250Exx471MJ16S,372.68722466960355,5.278,59.78657318511152,1.178e-07
EKZE250Exx182ML20S+EKZE250Exx681MJ20S,493.5483870967742,5.592,45.145911962014765,8.89e-08
EKZE250Exx182ML20S+EKZE250Exx821MJ25S,563.3587786259542,5.985,39.55151295806722,7.79e-08
EKZE250Exx221MHB5D+EKZE250Exx221MHB5D,110.0,1.156,202.56083666241227,3.99e-07
EKZE250Exx221MHB5D+EKZE250Exx222MK35S,200.0,4.873,111.40846016432675,2.194e-07
EKZE250Exx221MHB5D+EKZE250Exx272ML25S,203.42465753424656,5.605,109.53289686189702,2.158e-07
EKZE250Exx221MHB5D+EKZE250Exx331MH15D,132.0,1.332,168.8006972186769,3.325e-07
EKZE250Exx221MHB5D+EKZE250Exx331MJC5S,132.0,1.56,168.8006972186769,3.325e-07
EKZE250Exx221MHB5D+EKZE250Exx471MH20D,149.85507246376812,1.583,148.68827372028133,2.929e-07
EKZE250Exx221MHB5D+EKZE250Exx471MJ16S,149.85507246376812,1.835,148.68827372028133,2.929e-07
EKZE250Exx221MHB5D+EKZE250Exx681MJ20S,166.22222222222223,2.149,134.0476124971846,2.64e-07
EKZE250Exx221MHB5D+EKZE250Exx821MJ25S,173.46153846153845,2.542,128.45321349323706,2.53e-07
EKZE250Exx222MK35S+EKZE250Exx331MH15D,286.95652173913044,5.049,77.64832072059137,1.53e-07
EKZE250Exx222MK35S+EKZE250Exx331MJC5S,286.95652173913044,5.277,77.64832072059137,1.53e-07
EKZE250Exx222MK35S+EKZE250Exx471MH20D,387.26591760299624,5.3,57.53589722219583,1.133e-07
EKZE250Exx222MK35S+EKZE250Exx471MJ16S,387.26591760299624,5.552,57.53589722219583,1.133e-07
EKZE250Exx222MK35S+EKZE250Exx681MJ20S,519.4444444444445,5.866,42.89523599909907,8.45e-08
EKZE250Exx222MK35S+EKZE250Exx821MJ25S,597.3509933774834,6.259,37.300836995151535,7.35e-08
EKZE250Exx272ML25S+EKZE250Exx331MH15D,294.05940594059405,5.781,75.77275741816163,1.493e-07
EKZE250Exx272ML25S+EKZE250Exx331MJC5S,294.05940594059405,6.008,75.77275741816163,1.493e-07
EKZE250Exx272ML25S+EKZE250Exx471MH20D,400.3154574132492,6.032,55.660333919766096,1.096e-07
EKZE250Exx272ML25S+EKZE250Exx471MJ16S,400.3154574132492,6.283,55.660333919766096,1.096e-07
EKZE250Exx272ML25S+EKZE250Exx681MJ20S,543.1952662721893,6.597,41.01967269666933,8.08e-08
EKZE250Exx272ML25S+EKZE250Exx821MJ25S,628.9772727272727,6.99,35.42527369272179,6.98e-08
EKZE250Exx331MH15D+EKZE250Exx331MH15D,165.0,1.508,135.04055777494153,2.66e-07
EKZE250Exx331MH15D+EKZE250Exx331MJC5S,165.0,1.736,135.04055777494153,2.66e-07
EKZE250Exx331MH15D+EKZE250Exx471MH20D,193.875,1.759,114.92813427654596,2.264e-07
EKZE250Exx331MH15D+EKZE250Exx471MJ16S,193.875,2.011,114.92813427654596,2.264e-07
EKZE250Exx331MH15D+EKZE250Exx681MJ20S,222.17821782178217,2.325,100.28747305344922,1.975e-07
EKZE250Exx331MH15D+EKZE250Exx821MJ25S,235.30434782608697,2.717,94.69307404950167,1.865e-07
EKZE250Exx331MJC5S+EKZE250Exx331MJC5S,165.0,1.963,135.04055777494153,2.66e-07
EKZE250Exx331MJC5S+EKZE250Exx471MH20D,193.875,1.987,114.92813427654596,2.264e-07
EKZE250Exx331MJC5S+EKZE250Exx471MJ16S,193.875,2.238,114.92813427654596,2.264e-07
EKZE250Exx331MJC5S+EKZE250Exx681MJ20S,222.17821782178217,2.553,100.28747305344922,1.975e-07
EKZE250Exx331MJC5S+EKZE250Exx821MJ25S,235.30434782608697,2.945,94.69307404950167,1.865e-07
EKZE250Exx471MH20D+EKZE250Exx471MH20D,235.0,2.011,94.81571077815043,1.868e-07
EKZE250Exx471MH20D+EKZE250Exx471MJ16S,235.0,2.262,94.81571077815043,1.868e-07
EKZE250Exx471MH20D+EKZE250Exx681MJ20S,277.9130434782609,2.576,80.17504955505368,1.579e-07
EKZE250Exx471MH20D+EKZE250Exx821MJ25S,298.7596899224806,2.969,74.58065055110613,1.469e-07
EKZE250Exx471MJ16S+EKZE250Exx471MJ16S,235.0,2.513,94.81571077815043,1.868e-07
EKZE250Exx471MJ16S+EKZE250Exx681MJ20S,277.9130434782609,2.827,80.17504955505368,1.579e-07
EKZE250Exx471MJ16S+EKZE250Exx821MJ25S,298.7596899224806,3.22,74.58065055110613,1.469e-07
EKZE250Exx681MJ20S+EKZE250Exx681MJ20S,340.0,3.142,65.53438833195692,1.291e-07
EKZE250Exx681MJ20S+EKZE250Exx821MJ25S,371.73333333333335,3.534,59.939989328009375,1.181e-07
EKZE250Exx821MJ25S+EKZE250Exx821MJ25S,410.0,3.927,54.34559032406183,1.07e-07
EKZE250Exx101MF11D/EKZE250Exx101MF11D,200,0.686,111.40846016432675,2.194e-07
EKZE250Exx101MF11D/EKZE250Exx221MHB5D,320,0.921,69.63028760270423,1.372e-07
EKZE250Exx101MF11D/EKZE250Exx331MH15D,430,1.097,51.81788844852407,1.021e-07
EKZE250Exx101MF11D/EKZE250Exx331MJC5S,430,1.325,51.81788844852407,1.021e-07
EKZE250Exx101MF11D/EKZE250Exx470ME11D,147,0.559,151.57613627799557,2.986e-07
EKZE250Exx101MF11D/EKZE250Exx471MH20D,570,1.348,39.090687776956756,7.7e-08
EKZE250Exx101MF11D/EKZE250Exx471MJ16S,570,1.6,39.090687776956756,7.7e-08
EKZE250Exx221MHB5D/EKZE250Exx221MHB5D,440,1.156,50.64020916560307,9.98e-08
EKZE250Exx221MHB5D/EKZE250Exx331MH15D,550,1.332,40.512167332482456,7.98e-08
EKZE250Exx221MHB5D/EKZE250Exx331MJC5S,550,1.56,40.512167332482456,7.98e-08
EKZE250Exx221MHB5D/EKZE250Exx470ME11D,267,0.794,83.45203008563801,1.644e-07
EKZE250Exx221MHB5D/EKZE250Exx471MH20D,690,1.583,32.29230729400775,6.36e-08
EKZE250Exx221MHB5D/EKZE250Exx471MJ16S,690,1.835,32.29230729400775,6.36e-08
EKZE250Exx331MH15D/EKZE250Exx331MH15D,660,1.508,33.76013944373538,6.65e-08
EKZE250Exx331MH15D/EKZE250Exx331MJC5S,660,1.736,33.76013944373538,6.65e-08
EKZE250Exx331MH15D/EKZE250Exx470ME11D,377,0.97,59.102631386910744,1.164e-07
EKZE250Exx331MJC5S/EKZE250Exx331MJC5S,660,1.963,33.76013944373538,6.65e-08
EKZE250Exx331MJC5S/EKZE250Exx470ME11D,377,1.198,59.102631386910744,1.164e-07
EKZE250Exx470ME11D/EKZE250Exx470ME11D,94,0.432,237.03927694537606,4.669e-07
EKZE250Exx470ME11D/EKZE250Exx471MH20D,517,1.221,43.098050353704735,8.49e-08
EKZE250Exx470ME11D/EKZE250Exx471MJ16S,517,1.473,43.098050353704735,8.49e-08
EKZE250Exx101MF11D+EKZE250Exx101MF11D/EKZE250Exx101MF11D,150.0,1.029,148.54461355243566,2.926e-07
EKZE250Exx101MF11D+EKZE250Exx102MK20S/EKZE250Exx101MF11D,190.9090909090909,3.14,116.7136249340566,2.299e-07
EKZE250Exx101MF11D+EKZE250Exx152MK25S/EKZE250Exx101MF11D,193.75,3.754,115.0022814599502,2.265e-07
EKZE250Exx101MF11D+EKZE250Exx182MK30S/EKZE250Exx101MF11D,194.73684210526318,4.367,114.41949962822746,2.254e-07
EKZE250Exx101MF11D+EKZE250Exx182ML20S/EKZE250Exx101MF11D,194.73684210526318,4.707,114.41949962822746,2.254e-07
EKZE250Exx101MF11D+EKZE250Exx221MHB5D/EKZE250Exx101MF11D,168.75,1.264,132.03965649105393,2.601e-07
EKZE250Exx101MF11D+EKZE250Exx222MK35S/EKZE250Exx101MF11D,195.6521739130435,4.981,113.884203723534,2.243e-07
EKZE250Exx101MF11D+EKZE250Exx272ML25S/EKZE250Exx101MF11D,196.42857142857144,5.712,113.43406853095088,2.234e-07
EKZE250Exx101MF11D+EKZE250Exx331MH15D/EKZE250Exx101MF11D,176.74418604651163,1.44,126.06746808068554,2.483e-07
EKZE250Exx101MF11D+EKZE250Exx331MJC5S/EKZE250Exx101MF11D,176.74418604651163,1.668,126.06746808068554,2.483e-07
EKZE250Exx101MF11D+EKZE250Exx470ME11D/EKZE250Exx101MF11D,131.97278911564626,0.902,168.83550148614466,3.326e-07
EKZE250Exx101MF11D+EKZE250Exx471MH20D/EKZE250Exx101MF11D,182.4561403508772,1.691,122.12081210320433,2.406e-07
EKZE250Exx101MF11D+EKZE250Exx471MJ16S/EKZE250Exx101MF11D,182.4561403508772,1.942,122.12081210320433,2.406e-07
EKZE250Exx101MF11D+EKZE250Exx681MJ20S/EKZE250Exx101MF11D,187.17948717948718,2.257,119.03917661393817,2.345e-07
EKZE250Exx101MF11D+EKZE250Exx821MJ25S/EKZE250Exx101MF11D,189.1304347826087,2.649,117.8112452312421,2.321e-07
EKZE250Exx102MK20S+EKZE250Exx102MK20S/EKZE250Exx101MF11D,600.0,5.252,37.136153388108916,7.32e-08
EKZE250Exx102MK20S+EKZE250Exx152MK25S/EKZE250Exx101MF11D,700.0,5.865,31.830988618379077,6.27e-08
EKZE250Exx102MK20S+EKZE250Exx221MHB5D/EKZE250Exx101MF11D,280.327868852459,3.375,79.48439847981209,1.566e-07
EKZE250Exx102MK20S+EKZE250Exx331MH15D/EKZE250Exx101MF11D,348.1203007518797,3.551,64.00572441406247,1.261e-07
EKZE250Exx102MK20S+EKZE250Exx331MJC5S/EKZE250Exx101MF11D,348.1203007518797,3.779,64.00572441406247,1.261e-07
EKZE250Exx102MK20S+EKZE250Exx470ME11D/EKZE250Exx101MF11D,144.8901623686724,3.013,153.7833326197101,3.029e-07
EKZE250Exx102MK20S+EKZE250Exx471MH20D/EKZE250Exx101MF11D,419.7278911564626,3.803,53.08604098591907,1.046e-07
EKZE250Exx102MK20S+EKZE250Exx471MJ16S/EKZE250Exx101MF11D,419.7278911564626,4.054,53.08604098591907,1.046e-07
EKZE250Exx102MK20S+EKZE250Exx681MJ20S/EKZE250Exx101MF11D,504.76190476190476,4.368,44.142974782091734,8.7e-08
EKZE250Exx102MK20S+EKZE250Exx821MJ25S/EKZE250Exx101MF11D,550.5494505494505,4.761,40.47173602775942,7.97e-08
EKZE250Exx152MK25S+EKZE250Exx221MHB5D/EKZE250Exx101MF11D,291.8604651162791,3.989,76.34364600902072,1.504e-07
EKZE250Exx152MK25S+EKZE250Exx331MH15D/EKZE250Exx101MF11D,370.4918032786885,4.165,60.14085017720294,1.185e-07
EKZE250Exx152MK25S+EKZE250Exx331MJC5S/EKZE250Exx101MF11D,370.4918032786885,4.393,60.14085017720294,1.185e-07
EKZE250Exx152MK25S+EKZE250Exx470ME11D/EKZE250Exx101MF11D,145.57207498383968,3.627,153.06295548331573,3.015e-07
EKZE250Exx152MK25S+EKZE250Exx471MH20D/EKZE250Exx101MF11D,457.8680203045685,4.416,48.664005881091725,9.59e-08
EKZE250Exx152MK25S+EKZE250Exx471MJ16S/EKZE250Exx101MF11D,457.8680203045685,4.667,48.664005881091725,9.59e-08
EKZE250Exx152MK25S+EKZE250Exx681MJ20S/EKZE250Exx101MF11D,567.8899082568807,4.982,39.235935889859824,7.73e-08
EKZE250Exx152MK25S+EKZE250Exx821MJ25S/EKZE250Exx101MF11D,630.1724137931035,5.374,35.358088588404655,6.96e-08
EKZE250Exx182MK30S+EKZE250Exx221MHB5D/EKZE250Exx101MF11D,296.03960396039605,4.603,75.26591623141807,1.483e-07
EKZE250Exx182MK30S+EKZE250Exx331MH15D/EKZE250Exx101MF11D,378.8732394366197,4.778,58.810413915741265,1.158e-07
EKZE250Exx182MK30S+EKZE250Exx331MJC5S/EKZE250Exx101MF11D,378.8732394366197,5.006,58.810413915741265,1.158e-07
EKZE250Exx182MK30S+EKZE250Exx470ME11D/EKZE250Exx101MF11D,145.80400649702221,4.24,152.8194771062098,3.01e-07
EKZE250Exx182MK30S+EKZE250Exx471MH20D/EKZE250Exx101MF11D,472.68722466960355,5.03,47.13834195210097,9.29e-08
EKZE250Exx182MK30S+EKZE250Exx471MJ16S/EKZE250Exx101MF11D,472.68722466960355,5.281,47.13834195210097,9.29e-08
EKZE250Exx182MK30S+EKZE250Exx681MJ20S/EKZE250Exx101MF11D,593.5483870967741,5.595,37.539807229284015,7.39e-08
EKZE250Exx182MK30S+EKZE250Exx821MJ25S/EKZE250Exx101MF11D,663.3587786259542,5.988,33.58920202883039,6.62e-08
EKZE250Exx182ML20S+EKZE250Exx221MHB5D/EKZE250Exx101MF11D,296.03960396039605,4.942,75.26591623141807,1.483e-07
EKZE250Exx182ML20S+EKZE250Exx331MH15D/EKZE250Exx101MF11D,378.8732394366197,5.118,58.810413915741265,1.158e-07
EKZE250Exx182ML20S+EKZE250Exx331MJC5S/EKZE250Exx101MF11D,378.8732394366197,5.346,58.810413915741265,1.158e-07
EKZE250Exx182ML20S+EKZE250Exx470ME11D/EKZE250Exx101MF11D,145.80400649702221,4.58,152.8194771062098,3.01e-07
EKZE250Exx182ML20S+EKZE250Exx471MH20D/EKZE250Exx101MF11D,472.68722466960355,5.369,47.13834195210097,9.29e-08
EKZE250Exx182ML20S+EKZE250Exx471MJ16S/EKZE250Exx101MF11D,472.68722466960355,5.621,47.13834195210097,9.29e-08
EKZE250Exx182ML20S+EKZE250Exx681MJ20S/EKZE250Exx101MF11D,593.5483870967741,5.935,37.539807229284015,7.39e-08
EKZE250Exx182ML20S+EKZE250Exx821MJ25S/EKZE250Exx101MF11D,663.3587786259542,6.328,33.58920202883039,6.62e-08
EKZE250Exx221MHB5D+EKZE250Exx221MHB5D/EKZE250Exx101MF11D,210.0,1.499,106.1032953945969,2.09e-07
EKZE250Exx221MHB5D+EKZE250Exx222MK35S/EKZE250Exx101MF11D,300.0,5.216,74.27230677621783,1.463e-07
EKZE250Exx221MHB5D+EKZE250Exx272ML25S/EKZE250Exx101MF11D,303.42465753424653,5.947,73.43401888935308,1.446e-07
EKZE250Exx221MHB5D+EKZE250Exx331MH15D/EKZE250Exx101MF11D,232.0,1.675,96.04177600372995,1.892e-07
EKZE250Exx221MHB5D+EKZE250Exx331MJC5S/EKZE250Exx101MF11D,232.0,1.903,96.04177600372995,1.892e-07
EKZE250Exx221MHB5D+EKZE250Exx470ME11D/EKZE250Exx101MF11D,138.72659176029964,1.137,160.61586859543866,3.164e-07
EKZE250Exx221MHB5D+EKZE250Exx471MH20D/EKZE250Exx101MF11D,249.85507246376812,1.926,89.17846579279055,1.757e-07
EKZE250Exx221MHB5D+EKZE250Exx471MJ16S/EKZE250Exx101MF11D,249.85507246376812,2.178,89.17846579279055,1.757e-07
EKZE250Exx221MHB5D+EKZE250Exx681MJ20S/EKZE250Exx101MF11D,266.22222222222223,2.492,83.69583818688987,1.649e-07
EKZE250Exx221MHB5D+EKZE250Exx821MJ25S/EKZE250Exx101MF11D,273.46153846153845,2.884,81.48016777137822,1.605e-07
EKZE250Exx222MK35S+EKZE250Exx331MH15D/EKZE250Exx101MF11D,386.95652173913044,5.392,57.58190075909023,1.134e-07
EKZE250Exx222MK35S+EKZE250Exx331MJC5S/EKZE250Exx101MF11D,386.95652173913044,5.62,57.58190075909023,1.134e-07
EKZE250Exx222MK35S+EKZE250Exx470ME11D/EKZE250Exx101MF11D,146.01691143747217,4.854,152.59665345275357,3.006e-07
EKZE250Exx222MK35S+EKZE250Exx471MH20D/EKZE250Exx101MF11D,487.26591760299624,5.643,45.72799210434319,9.01e-08
EKZE250Exx222MK35S+EKZE250Exx471MJ16S/EKZE250Exx101MF11D,487.26591760299624,5.895,45.72799210434319,9.01e-08
EKZE250Exx222MK35S+EKZE250Exx681MJ20S/EKZE250Exx101MF11D,619.4444444444445,6.209,35.970444537361104,7.09e-08
EKZE250Exx222MK35S+EKZE250Exx821MJ25S/EKZE250Exx101MF11D,697.3509933774834,6.602,31.951904054726196,6.29e-08
EKZE250Exx272ML25S+EKZE250Exx331MH15D/EKZE250Exx101MF11D,394.05940594059405,6.123,56.54399234470855,1.114e-07
EKZE250Exx272ML25S+EKZE250Exx331MJC5S/EKZE250Exx101MF11D,394.05940594059405,6.351,56.54399234470855,1.114e-07
EKZE250Exx272ML25S+EKZE250Exx470ME11D/EKZE250Exx101MF11D,146.19585001820167,5.585,152.4098805136482,3.002e-07
EKZE250Exx272ML25S+EKZE250Exx471MH20D/EKZE250Exx101MF11D,500.3154574132492,6.375,44.535286093432006,8.77e-08
EKZE250Exx272ML25S+EKZE250Exx471MJ16S/EKZE250Exx101MF11D,500.3154574132492,6.626,44.535286093432006,8.77e-08
EKZE250Exx272ML25S+EKZE250Exx681MJ20S/EKZE250Exx101MF11D,643.1952662721893,6.94,34.64218908513565,6.82e-08
EKZE250Exx331MH15D+EKZE250Exx331MH15D/EKZE250Exx101MF11D,265.0,1.851,84.08185672779378,1.656e-07
EKZE250Exx331MH15D+EKZE250Exx331MJC5S/EKZE250Exx101MF11D,265.0,2.079,84.08185672779378,1.656e-07
EKZE250Exx331MH15D+EKZE250Exx470ME11D/EKZE250Exx101MF11D,141.14058355437666,1.313,157.8687821159601,3.11e-07
EKZE250Exx331MH15D+EKZE250Exx471MH20D/EKZE250Exx101MF11D,293.875,2.102,75.82030466308925,1.493e-07
EKZE250Exx331MH15D+EKZE250Exx471MJ16S/EKZE250Exx101MF11D,293.875,2.354,75.82030466308925,1.493e-07
EKZE250Exx331MH15D+EKZE250Exx681MJ20S/EKZE250Exx101MF11D,322.17821782178214,2.668,69.15952351934236,1.362e-07
EKZE250Exx331MH15D+EKZE250Exx821MJ25S/EKZE250Exx101MF11D,335.304347826087,3.06,66.45214169552683,1.309e-07
EKZE250Exx331MJC5S+EKZE250Exx331MJC5S/EKZE250Exx101MF11D,265.0,2.306,84.08185672779378,1.656e-07
EKZE250Exx331MJC5S+EKZE250Exx470ME11D/EKZE250Exx101MF11D,141.14058355437666,1.541,157.8687821159601,3.11e-07
EKZE250Exx331MJC5S+EKZE250Exx471MH20D/EKZE250Exx101MF11D,293.875,2.33,75.82030466308925,1.493e-07
EKZE250Exx331MJC5S+EKZE250Exx471MJ16S/EKZE250Exx101MF11D,293.875,2.581,75.82030466308925,1.493e-07
EKZE250Exx331MJC5S+EKZE250Exx681MJ20S/EKZE250Exx101MF11D,322.17821782178214,2.895,69.15952351934236,1.362e-07
EKZE250Exx331MJC5S+EKZE250Exx821MJ25S/EKZE250Exx101MF11D,335.304347826087,3.288,66.45214169552683,1.309e-07
EKZE250Exx470ME11D+EKZE250Exx470ME11D/EKZE250Exx101MF11D,123.5,0.775,180.41855897056965,3.554e-07
EKZE250Exx470ME11D+EKZE250Exx471MH20D/EKZE250Exx101MF11D,142.72727272727272,1.564,156.11376583536233,3.075e-07
EKZE250Exx470ME11D+EKZE250Exx471MJ16S/EKZE250Exx101MF11D,142.72727272727272,1.816,156.11376583536233,3.075e-07
EKZE250Exx470ME11D+EKZE250Exx681MJ20S/EKZE250Exx101MF11D,143.9614855570839,2.13,154.7753688887169,3.049e-07
EKZE250Exx470ME11D+EKZE250Exx821MJ25S/EKZE250Exx101MF11D,144.45213379469436,2.522,154.24965659928344,3.038e-07
EKZE250Exx471MH20D+EKZE250Exx471MH20D/EKZE250Exx101MF11D,335.0,2.354,66.51251353094135,1.31e-07
EKZE250Exx471MH20D+EKZE250Exx471MJ16S/EKZE250Exx101MF11D,335.0,2.605,66.51251353094135,1.31e-07
EKZE250Exx471MH20D+EKZE250Exx681MJ20S/EKZE250Exx101MF11D,377.9130434782609,2.919,58.95983855912369,1.161e-07
EKZE250Exx471MH20D+EKZE250Exx821MJ25S/EKZE250Exx101MF11D,398.7596899224806,3.312,55.87749362829763,1.101e-07
EKZE250Exx471MJ16S+EKZE250Exx471MJ16S/EKZE250Exx101MF11D,335.0,2.856,66.51251353094135,1.31e-07
EKZE250Exx471MJ16S+EKZE250Exx681MJ20S/EKZE250Exx101MF11D,377.9130434782609,3.17,58.95983855912369,1.161e-07
EKZE250Exx471MJ16S+EKZE250Exx821MJ25S/EKZE250Exx101MF11D,398.7596899224806,3.563,55.87749362829763,1.101e-07
EKZE250Exx681MJ20S+EKZE250Exx681MJ20S/EKZE250Exx101MF11D,440.0,3.484,50.64020916560307,9.98e-08
EKZE250Exx681MJ20S+EKZE250Exx821MJ25S/EKZE250Exx101MF11D,471.73333333333335,3.877,47.233660329703255,9.3e-08
EKZE250Exx821MJ25S+EKZE250Exx821MJ25S/EKZE250Exx101MF11D,510.0,4.27,43.68959222130461,8.61e-08
EKZE250Exx101MF11D+EKZE250Exx101MF11D/EKZE250Exx221MHB5D,270.0,1.264,82.52478530690871,1.626e-07
EKZE250Exx101MF11D+EKZE250Exx102MK20S/EKZE250Exx221MHB5D,310.9090909090909,3.375,71.66626092442071,1.412e-07
EKZE250Exx101MF11D+EKZE250Exx152MK25S/EKZE250Exx221MHB5D,313.75,3.989,71.01734512467044,1.399e-07
EKZE250Exx101MF11D+EKZE250Exx182MK30S/EKZE250Exx221MHB5D,314.7368421052632,4.603,70.794673683017,1.394e-07
EKZE250Exx101MF11D+EKZE250Exx182ML20S/EKZE250Exx221MHB5D,314.7368421052632,4.942,70.794673683017,1.394e-07
EKZE250Exx101MF11D+EKZE250Exx221MHB5D/EKZE250Exx221MHB5D,288.75,1.499,77.1660330142523,1.52e-07
EKZE250Exx101MF11D+EKZE250Exx222MK35S/EKZE250Exx221MHB5D,315.6521739130435,5.216,70.58938247326488,1.39e-07
EKZE250Exx101MF11D+EKZE250Exx272ML25S/EKZE250Exx221MHB5D,316.42857142857144,5.947,70.41618249663993,1.387e-07
EKZE250Exx101MF11D+EKZE250Exx331MH15D/EKZE250Exx221MHB5D,296.74418604651163,1.675,75.08720669382525,1.479e-07
EKZE250Exx101MF11D+EKZE250Exx331MJC5S/EKZE250Exx221MHB5D,296.74418604651163,1.903,75.08720669382525,1.479e-07
EKZE250Exx101MF11D+EKZE250Exx470ME11D/EKZE250Exx221MHB5D,251.97278911564626,1.137,88.42896136153365,1.742e-07
EKZE250Exx101MF11D+EKZE250Exx471MH20D/EKZE250Exx221MHB5D,302.4561403508772,1.926,73.66916739404436,1.451e-07
EKZE250Exx101MF11D+EKZE250Exx471MJ16S/EKZE250Exx221MHB5D,302.4561403508772,2.178,73.66916739404436,1.451e-07
EKZE250Exx101MF11D+EKZE250Exx681MJ20S/EKZE250Exx221MHB5D,307.1794871794872,2.492,72.53639309530456,1.429e-07
EKZE250Exx101MF11D+EKZE250Exx821MJ25S/EKZE250Exx221MHB5D,309.1304347826087,2.884,72.07860995160381,1.42e-07
EKZE250Exx102MK20S+EKZE250Exx102MK20S/EKZE250Exx221MHB5D,720.0,5.487,30.946794490090767,6.1e-08
EKZE250Exx102MK20S+EKZE250Exx221MHB5D/EKZE250Exx221MHB5D,400.327868852459,3.61,55.65860827210428,1.096e-07
EKZE250Exx102MK20S+EKZE250Exx331MH15D/EKZE250Exx221MHB5D,468.1203007518797,3.786,47.598217802298294,9.38e-08
EKZE250Exx102MK20S+EKZE250Exx331MJC5S/EKZE250Exx221MHB5D,468.1203007518797,4.014,47.598217802298294,9.38e-08
EKZE250Exx102MK20S+EKZE250Exx470ME11D/EKZE250Exx221MHB5D,264.8901623686724,3.248,84.1167215634601,1.657e-07
EKZE250Exx102MK20S+EKZE250Exx471MH20D/EKZE250Exx221MHB5D,539.7278911564626,4.038,41.28319547304268,8.13e-08
EKZE250Exx102MK20S+EKZE250Exx471MJ16S/EKZE250Exx221MHB5D,539.7278911564626,4.289,41.28319547304268,8.13e-08
EKZE250Exx102MK20S+EKZE250Exx681MJ20S/EKZE250Exx221MHB5D,624.7619047619048,4.603,35.664293650165575,7.03e-08
EKZE250Exx102MK20S+EKZE250Exx821MJ25S/EKZE250Exx221MHB5D,670.5494505494505,4.996,33.22900647313581,6.55e-08
EKZE250Exx152MK25S+EKZE250Exx221MHB5D/EKZE250Exx221MHB5D,411.8604651162791,4.224,54.100099232818174,1.066e-07
EKZE250Exx152MK25S+EKZE250Exx331MH15D/EKZE250Exx221MHB5D,490.4918032786885,4.4,45.427246457379226,8.95e-08
EKZE250Exx152MK25S+EKZE250Exx331MJC5S/EKZE250Exx221MHB5D,490.4918032786885,4.628,45.427246457379226,8.95e-08
EKZE250Exx152MK25S+EKZE250Exx470ME11D/EKZE250Exx221MHB5D,265.5720749838397,3.862,83.90073404450078,1.653e-07
EKZE250Exx152MK25S+EKZE250Exx471MH20D/EKZE250Exx221MHB5D,577.8680203045685,4.651,38.55844457549608,7.6e-08
EKZE250Exx152MK25S+EKZE250Exx471MJ16S/EKZE250Exx221MHB5D,577.8680203045685,4.903,38.55844457549608,7.6e-08
EKZE250Exx152MK25S+EKZE250Exx681MJ20S/EKZE250Exx221MHB5D,687.8899082568807,5.217,32.39136345135134,6.38e-08
EKZE250Exx182MK30S+EKZE250Exx221MHB5D/EKZE250Exx221MHB5D,416.03960396039605,4.838,53.556661002365544,1.055e-07
EKZE250Exx182MK30S+EKZE250Exx331MH15D/EKZE250Exx221MHB5D,498.8732394366197,5.014,44.664035413140596,8.8e-08
EKZE250Exx182MK30S+EKZE250Exx331MJC5S/EKZE250Exx221MHB5D,498.8732394366197,5.241,44.664035413140596,8.8e-08
EKZE250Exx182MK30S+EKZE250Exx470ME11D/EKZE250Exx221MHB5D,265.8040064970222,4.476,83.82752512466351,1.651e-07
EKZE250Exx182MK30S+EKZE250Exx471MH20D/EKZE250Exx221MHB5D,592.6872246696036,5.265,37.594351802143855,7.41e-08
EKZE250Exx182MK30S+EKZE250Exx471MJ16S/EKZE250Exx221MHB5D,592.6872246696036,5.516,37.594351802143855,7.41e-08
EKZE250Exx182MK30S+EKZE250Exx681MJ20S/EKZE250Exx221MHB5D,713.5483870967741,5.83,31.22660275853643,6.15e-08
EKZE250Exx182ML20S+EKZE250Exx221MHB5D/EKZE250Exx221MHB5D,416.03960396039605,5.177,53.556661002365544,1.055e-07
EKZE250Exx182ML20S+EKZE250Exx331MH15D/EKZE250Exx221MHB5D,498.8732394366197,5.353,44.664035413140596,8.8e-08
EKZE250Exx182ML20S+EKZE250Exx331MJC5S/EKZE250Exx221MHB5D,498.8732394366197,5.581,44.664035413140596,8.8e-08
EKZE250Exx182ML20S+EKZE250Exx470ME11D/EKZE250Exx221MHB5D,265.8040064970222,4.815,83.82752512466351,1.651e-07
EKZE250Exx182ML20S+EKZE250Exx471MH20D/EKZE250Exx221MHB5D,592.6872246696036,5.605,37.594351802143855,7.41e-08
EKZE250Exx182ML20S+EKZE250Exx471MJ16S/EKZE250Exx221MHB5D,592.6872246696036,5.856,37.594351802143855,7.41e-08
EKZE250Exx182ML20S+EKZE250Exx681MJ20S/EKZE250Exx221MHB5D,713.5483870967741,6.17,31.22660275853643,6.15e-08
EKZE250Exx221MHB5D+EKZE250Exx221MHB5D/EKZE250Exx221MHB5D,330.0,1.734,67.52027888747077,1.33e-07
EKZE250Exx221MHB5D+EKZE250Exx222MK35S/EKZE250Exx221MHB5D,420.0,5.451,53.05164769729845,1.045e-07
EKZE250Exx221MHB5D+EKZE250Exx272ML25S/EKZE250Exx221MHB5D,423.42465753424653,6.183,52.62256610802881,1.037e-07
EKZE250Exx221MHB5D+EKZE250Exx331MH15D/EKZE250Exx221MHB5D,352.0,1.91,63.30026145700384,1.247e-07
EKZE250Exx221MHB5D+EKZE250Exx331MJC5S/EKZE250Exx221MHB5D,352.0,2.138,63.30026145700384,1.247e-07
EKZE250Exx221MHB5D+EKZE250Exx470ME11D/EKZE250Exx221MHB5D,258.72659176029964,1.372,86.12061049182178,1.696e-07
EKZE250Exx221MHB5D+EKZE250Exx471MH20D/EKZE250Exx221MHB5D,369.8550724637681,2.161,60.24438676597606,1.187e-07
EKZE250Exx221MHB5D+EKZE250Exx471MJ16S/EKZE250Exx221MHB5D,369.8550724637681,2.413,60.24438676597606,1.187e-07
EKZE250Exx221MHB5D+EKZE250Exx681MJ20S/EKZE250Exx221MHB5D,386.22222222222223,2.727,57.69137753043387,1.136e-07
EKZE250Exx221MHB5D+EKZE250Exx821MJ25S/EKZE250Exx221MHB5D,393.46153846153845,3.12,56.62991132497548,1.115e-07
EKZE250Exx222MK35S+EKZE250Exx331MH15D/EKZE250Exx221MHB5D,506.95652173913044,5.627,43.95187965316493,8.66e-08
EKZE250Exx222MK35S+EKZE250Exx331MJC5S/EKZE250Exx221MHB5D,506.95652173913044,5.855,43.95187965316493,8.66e-08
EKZE250Exx222MK35S+EKZE250Exx470ME11D/EKZE250Exx221MHB5D,266.0169114374722,5.089,83.76043429894008,1.65e-07
EKZE250Exx222MK35S+EKZE250Exx471MH20D/EKZE250Exx221MHB5D,607.2659176029963,5.879,36.69182048091186,7.23e-08
EKZE250Exx222MK35S+EKZE250Exx471MJ16S/EKZE250Exx221MHB5D,607.2659176029963,6.13,36.69182048091186,7.23e-08
EKZE250Exx272ML25S+EKZE250Exx331MH15D/EKZE250Exx221MHB5D,514.059405940594,6.359,43.34458581123653,8.54e-08
EKZE250Exx272ML25S+EKZE250Exx331MJC5S/EKZE250Exx221MHB5D,514.059405940594,6.586,43.34458581123653,8.54e-08
EKZE250Exx272ML25S+EKZE250Exx470ME11D/EKZE250Exx221MHB5D,266.19585001820167,5.821,83.70412999053815,1.649e-07
EKZE250Exx272ML25S+EKZE250Exx471MH20D/EKZE250Exx221MHB5D,620.3154574132492,6.61,35.91993681050812,7.08e-08
EKZE250Exx272ML25S+EKZE250Exx471MJ16S/EKZE250Exx221MHB5D,620.3154574132492,6.861,35.91993681050812,7.08e-08
EKZE250Exx331MH15D+EKZE250Exx331MH15D/EKZE250Exx221MHB5D,385.0,2.086,57.87452476068921,1.14e-07
EKZE250Exx331MH15D+EKZE250Exx331MJC5S/EKZE250Exx221MHB5D,385.0,2.314,57.87452476068921,1.14e-07
EKZE250Exx331MH15D+EKZE250Exx470ME11D/EKZE250Exx221MHB5D,261.1405835543767,1.548,85.32450885109432,1.681e-07
EKZE250Exx331MH15D+EKZE250Exx471MH20D/EKZE250Exx221MHB5D,413.875,2.337,53.836767219245786,1.06e-07
EKZE250Exx331MH15D+EKZE250Exx471MJ16S/EKZE250Exx221MHB5D,413.875,2.589,53.836767219245786,1.06e-07
EKZE250Exx331MH15D+EKZE250Exx681MJ20S/EKZE250Exx221MHB5D,442.17821782178214,2.903,50.39075000715183,9.93e-08
EKZE250Exx331MH15D+EKZE250Exx821MJ25S/EKZE250Exx221MHB5D,455.304347826087,3.296,48.93801726087692,9.64e-08
EKZE250Exx331MJC5S+EKZE250Exx331MJC5S/EKZE250Exx221MHB5D,385.0,2.542,57.87452476068921,1.14e-07
EKZE250Exx331MJC5S+EKZE250Exx470ME11D/EKZE250Exx221MHB5D,261.1405835543767,1.776,85.32450885109432,1.681e-07
EKZE250Exx331MJC5S+EKZE250Exx471MH20D/EKZE250Exx221MHB5D,413.875,2.565,53.836767219245786,1.06e-07
EKZE250Exx331MJC5S+EKZE250Exx471MJ16S/EKZE250Exx221MHB5D,413.875,2.816,53.836767219245786,1.06e-07
EKZE250Exx331MJC5S+EKZE250Exx681MJ20S/EKZE250Exx221MHB5D,442.17821782178214,3.131,50.39075000715183,9.93e-08
EKZE250Exx331MJC5S+EKZE250Exx821MJ25S/EKZE250Exx221MHB5D,455.304347826087,3.523,48.93801726087692,9.64e-08
EKZE250Exx470ME11D+EKZE250Exx470ME11D/EKZE250Exx221MHB5D,243.5,1.01,91.50592210622321,1.802e-07
EKZE250Exx470ME11D+EKZE250Exx471MH20D/EKZE250Exx221MHB5D,262.72727272727275,1.799,84.8092084295913,1.671e-07
EKZE250Exx470ME11D+EKZE250Exx471MJ16S/EKZE250Exx221MHB5D,262.72727272727275,2.051,84.8092084295913,1.671e-07
EKZE250Exx470ME11D+EKZE250Exx681MJ20S/EKZE250Exx221MHB5D,263.9614855570839,2.365,84.412663407468,1.663e-07
EKZE250Exx470ME11D+EKZE250Exx821MJ25S/EKZE250Exx221MHB5D,264.45213379469436,2.758,84.25604933921083,1.66e-07
EKZE250Exx471MH20D+EKZE250Exx471MH20D/EKZE250Exx221MHB5D,455.0,2.589,48.97075172058319,9.65e-08
EKZE250Exx471MH20D+EKZE250Exx471MJ16S/EKZE250Exx221MHB5D,455.0,2.84,48.97075172058319,9.65e-08
EKZE250Exx471MH20D+EKZE250Exx681MJ20S/EKZE250Exx221MHB5D,497.9130434782609,3.154,44.75016737302681,8.81e-08
EKZE250Exx471MH20D+EKZE250Exx821MJ25S/EKZE250Exx221MHB5D,518.7596899224807,3.547,42.951857026892256,8.46e-08
EKZE250Exx471MJ16S+EKZE250Exx471MJ16S/EKZE250Exx221MHB5D,455.0,3.091,48.97075172058319,9.65e-08
EKZE250Exx471MJ16S+EKZE250Exx681MJ20S/EKZE250Exx221MHB5D,497.9130434782609,3.405,44.75016737302681,8.81e-08
EKZE250Exx471MJ16S+EKZE250Exx821MJ25S/EKZE250Exx221MHB5D,518.7596899224807,3.798,42.951857026892256,8.46e-08
EKZE250Exx681MJ20S+EKZE250Exx681MJ20S/EKZE250Exx221MHB5D,560.0,3.72,39.788735772973844,7.84e-08
EKZE250Exx681MJ20S+EKZE250Exx821MJ25S/EKZE250Exx221MHB5D,591.7333333333333,4.112,37.65495499019606,7.42e-08
EKZE250Exx821MJ25S+EKZE250Exx821MJ25S/EKZE250Exx221MHB5D,630.0,4.505,35.3677651315323,6.97e-08
EKZE250Exx101MF11D+EKZE250Exx101MF11D/EKZE250Exx331MH15D,380.0,1.44,58.636031665435134,1.155e-07
EKZE250Exx101MF11D+EKZE250Exx102MK20S/EKZE250Exx331MH15D,420.9090909090909,3.551,52.937065304863694,1.043e-07
EKZE250Exx101MF11D+EKZE250Exx152MK25S/EKZE250Exx331MH15D,423.75,4.165,52.58216408935776,1.036e-07
EKZE250Exx101MF11D+EKZE250Exx182MK30S/EKZE250Exx331MH15D,424.7368421052632,4.778,52.4599936337598,1.033e-07
EKZE250Exx101MF11D+EKZE250Exx182ML20S/EKZE250Exx331MH15D,424.7368421052632,5.118,52.4599936337598,1.033e-07
EKZE250Exx101MF11D+EKZE250Exx221MHB5D/EKZE250Exx331MH15D,398.75,1.675,55.87885149307925,1.101e-07
EKZE250Exx101MF11D+EKZE250Exx222MK35S/EKZE250Exx331MH15D,425.6521739130435,5.392,52.34718250826385,1.031e-07
EKZE250Exx101MF11D+EKZE250Exx272ML25S/EKZE250Exx331MH15D,426.42857142857144,6.123,52.25187411392209,1.029e-07
EKZE250Exx101MF11D+EKZE250Exx331MH15D/EKZE250Exx331MH15D,406.74418604651163,1.851,54.780603625683824,1.079e-07
EKZE250Exx101MF11D+EKZE250Exx331MJC5S/EKZE250Exx331MH15D,406.74418604651163,2.079,54.780603625683824,1.079e-07
EKZE250Exx101MF11D+EKZE250Exx470ME11D/EKZE250Exx331MH15D,361.97278911564626,1.313,61.5562625226688,1.213e-07
EKZE250Exx101MF11D+EKZE250Exx471MH20D/EKZE250Exx331MH15D,412.4561403508772,2.102,54.02196707245108,1.064e-07
EKZE250Exx101MF11D+EKZE250Exx471MJ16S/EKZE250Exx331MH15D,412.4561403508772,2.354,54.02196707245108,1.064e-07
EKZE250Exx101MF11D+EKZE250Exx681MJ20S/EKZE250Exx331MH15D,417.1794871794872,2.668,53.410325094145584,1.052e-07
EKZE250Exx101MF11D+EKZE250Exx821MJ25S/EKZE250Exx331MH15D,419.1304347826087,3.06,53.16171335642147,1.047e-07
EKZE250Exx102MK20S+EKZE250Exx221MHB5D/EKZE250Exx331MH15D,510.327868852459,3.786,43.66152309684505,8.6e-08
EKZE250Exx102MK20S+EKZE250Exx331MH15D/EKZE250Exx331MH15D,578.1203007518798,3.962,38.54161842074511,7.59e-08
EKZE250Exx102MK20S+EKZE250Exx331MJC5S/EKZE250Exx331MH15D,578.1203007518798,4.19,38.54161842074511,7.59e-08
EKZE250Exx102MK20S+EKZE250Exx470ME11D/EKZE250Exx331MH15D,374.8901623686724,3.424,59.435254027693624,1.171e-07
EKZE250Exx102MK20S+EKZE250Exx471MH20D/EKZE250Exx331MH15D,649.7278911564626,4.214,34.2938826178537,6.76e-08
EKZE250Exx102MK20S+EKZE250Exx471MJ16S/EKZE250Exx331MH15D,649.7278911564626,4.465,34.2938826178537,6.76e-08
EKZE250Exx152MK25S+EKZE250Exx221MHB5D/EKZE250Exx331MH15D,521.8604651162791,4.4,42.696646943547684,8.41e-08
EKZE250Exx152MK25S+EKZE250Exx331MH15D/EKZE250Exx331MH15D,600.4918032786885,4.576,37.10573884806952,7.31e-08
EKZE250Exx152MK25S+EKZE250Exx331MJC5S/EKZE250Exx331MH15D,600.4918032786885,4.804,37.10573884806952,7.31e-08
EKZE250Exx152MK25S+EKZE250Exx470ME11D/EKZE250Exx331MH15D,375.5720749838397,4.038,59.327339589409306,1.169e-07
EKZE250Exx152MK25S+EKZE250Exx471MH20D/EKZE250Exx331MH15D,687.8680203045685,4.827,32.39239414415522,6.38e-08
EKZE250Exx152MK25S+EKZE250Exx471MJ16S/EKZE250Exx331MH15D,687.8680203045685,5.079,32.39239414415522,6.38e-08
EKZE250Exx182MK30S+EKZE250Exx221MHB5D/EKZE250Exx331MH15D,526.0396039603961,5.014,42.35744203499718,8.34e-08
EKZE250Exx182MK30S+EKZE250Exx331MH15D/EKZE250Exx331MH15D,608.8732394366198,5.19,36.59496031305667,7.21e-08
EKZE250Exx182MK30S+EKZE250Exx331MJC5S/EKZE250Exx331MH15D,608.8732394366198,5.417,36.59496031305667,7.21e-08
EKZE250Exx182MK30S+EKZE250Exx470ME11D/EKZE250Exx331MH15D,375.8040064970222,4.652,59.290725079169434,1.168e-07
EKZE250Exx182MK30S+EKZE250Exx471MH20D/EKZE250Exx331MH15D,702.6872246696036,5.441,31.70926018093182,6.25e-08
EKZE250Exx182MK30S+EKZE250Exx471MJ16S/EKZE250Exx331MH15D,702.6872246696036,5.692,31.70926018093182,6.25e-08
EKZE250Exx182ML20S+EKZE250Exx221MHB5D/EKZE250Exx331MH15D,526.0396039603961,5.353,42.35744203499718,8.34e-08
EKZE250Exx182ML20S+EKZE250Exx331MH15D/EKZE250Exx331MH15D,608.8732394366198,5.529,36.59496031305667,7.21e-08
EKZE250Exx182ML20S+EKZE250Exx331MJC5S/EKZE250Exx331MH15D,608.8732394366198,5.757,36.59496031305667,7.21e-08
EKZE250Exx182ML20S+EKZE250Exx470ME11D/EKZE250Exx331MH15D,375.8040064970222,4.991,59.290725079169434,1.168e-07
EKZE250Exx182ML20S+EKZE250Exx471MH20D/EKZE250Exx331MH15D,702.6872246696036,5.781,31.70926018093182,6.25e-08
EKZE250Exx182ML20S+EKZE250Exx471MJ16S/EKZE250Exx331MH15D,702.6872246696036,6.032,31.70926018093182,6.25e-08
EKZE250Exx221MHB5D+EKZE250Exx221MHB5D/EKZE250Exx331MH15D,440.0,1.91,50.64020916560307,9.98e-08
EKZE250Exx221MHB5D+EKZE250Exx222MK35S/EKZE250Exx331MH15D,530.0,5.627,42.04092836389689,8.28e-08
EKZE250Exx221MHB5D+EKZE250Exx272ML25S/EKZE250Exx331MH15D,533.4246575342465,6.359,41.77101998970649,8.23e-08
EKZE250Exx221MHB5D+EKZE250Exx331MH15D/EKZE250Exx331MH15D,462.0,2.086,48.228770633907686,9.5e-08
EKZE250Exx221MHB5D+EKZE250Exx331MJC5S/EKZE250Exx331MH15D,462.0,2.314,48.228770633907686,9.5e-08
EKZE250Exx221MHB5D+EKZE250Exx470ME11D/EKZE250Exx331MH15D,368.72659176029964,1.548,60.42876356297663,1.19e-07
EKZE250Exx221MHB5D+EKZE250Exx471MH20D/EKZE250Exx331MH15D,479.8550724637681,2.337,46.43421172659949,9.15e-08
EKZE250Exx221MHB5D+EKZE250Exx471MJ16S/EKZE250Exx331MH15D,479.8550724637681,2.589,46.43421172659949,9.15e-08
EKZE250Exx221MHB5D+EKZE250Exx681MJ20S/EKZE250Exx331MH15D,496.22222222222223,2.903,44.9026485212244,8.84e-08
EKZE250Exx221MHB5D+EKZE250Exx821MJ25S/EKZE250Exx331MH15D,503.46153846153845,3.296,44.25698952287999,8.72e-08
EKZE250Exx222MK35S+EKZE250Exx331MH15D/EKZE250Exx331MH15D,616.9565217391305,5.803,36.11549800957739,7.11e-08
EKZE250Exx222MK35S+EKZE250Exx331MJC5S/EKZE250Exx331MH15D,616.9565217391305,6.031,36.11549800957739,7.11e-08
EKZE250Exx222MK35S+EKZE250Exx470ME11D/EKZE250Exx331MH15D,376.0169114374722,5.265,59.25715401385762,1.167e-07
EKZE250Exx222MK35S+EKZE250Exx471MH20D/EKZE250Exx331MH15D,717.2659176029963,6.054,31.064757833925373,6.12e-08
EKZE250Exx222MK35S+EKZE250Exx471MJ16S/EKZE250Exx331MH15D,717.2659176029963,6.306,31.064757833925373,6.12e-08
EKZE250Exx272ML25S+EKZE250Exx331MH15D/EKZE250Exx331MH15D,624.059405940594,6.535,35.7044406682437,7.03e-08
EKZE250Exx272ML25S+EKZE250Exx331MJC5S/EKZE250Exx331MH15D,624.059405940594,6.762,35.7044406682437,7.03e-08
EKZE250Exx272ML25S+EKZE250Exx470ME11D/EKZE250Exx331MH15D,376.19585001820167,5.997,59.22896818714848,1.167e-07
EKZE250Exx331MH15D+EKZE250Exx331MH15D/EKZE250Exx331MH15D,495.0,2.262,45.01351925831384,8.87e-08
EKZE250Exx331MH15D+EKZE250Exx331MJC5S/EKZE250Exx331MH15D,495.0,2.49,45.01351925831384,8.87e-08
EKZE250Exx331MH15D+EKZE250Exx470ME11D/EKZE250Exx331MH15D,371.1405835543767,1.724,60.03571967117094,1.183e-07
EKZE250Exx331MH15D+EKZE250Exx471MH20D/EKZE250Exx331MH15D,523.875,2.513,42.532459141713865,8.38e-08
EKZE250Exx331MH15D+EKZE250Exx471MJ16S/EKZE250Exx331MH15D,523.875,2.765,42.532459141713865,8.38e-08
EKZE250Exx331MH15D+EKZE250Exx681MJ20S/EKZE250Exx331MH15D,552.1782178217821,3.079,40.352356021506196,7.95e-08
EKZE250Exx331MH15D+EKZE250Exx821MJ25S/EKZE250Exx331MH15D,565.304347826087,3.471,39.415391228726584,7.76e-08
EKZE250Exx331MJC5S+EKZE250Exx331MJC5S/EKZE250Exx331MH15D,495.0,2.717,45.01351925831384,8.87e-08
EKZE250Exx331MJC5S+EKZE250Exx470ME11D/EKZE250Exx331MH15D,371.1405835543767,1.952,60.03571967117094,1.183e-07
EKZE250Exx331MJC5S+EKZE250Exx471MH20D/EKZE250Exx331MH15D,523.875,2.741,42.532459141713865,8.38e-08
EKZE250Exx331MJC5S+EKZE250Exx471MJ16S/EKZE250Exx331MH15D,523.875,2.992,42.532459141713865,8.38e-08
EKZE250Exx331MJC5S+EKZE250Exx681MJ20S/EKZE250Exx331MH15D,552.1782178217821,3.307,40.352356021506196,7.95e-08
EKZE250Exx331MJC5S+EKZE250Exx821MJ25S/EKZE250Exx331MH15D,565.304347826087,3.699,39.415391228726584,7.76e-08
EKZE250Exx470ME11D+EKZE250Exx470ME11D/EKZE250Exx331MH15D,353.5,1.186,63.031660630453615,1.242e-07
EKZE250Exx470ME11D+EKZE250Exx471MH20D/EKZE250Exx331MH15D,372.72727272727275,1.975,59.780149356468016,1.178e-07
EKZE250Exx470ME11D+EKZE250Exx471MJ16S/EKZE250Exx331MH15D,372.72727272727275,2.227,59.780149356468016,1.178e-07
EKZE250Exx470ME11D+EKZE250Exx681MJ20S/EKZE250Exx331MH15D,373.9614855570839,2.541,59.582852495284904,1.174e-07
EKZE250Exx470ME11D+EKZE250Exx821MJ25S/EKZE250Exx331MH15D,374.45213379469436,2.933,59.504780509762085,1.172e-07
EKZE250Exx471MH20D+EKZE250Exx471MH20D/EKZE250Exx331MH15D,565.0,2.765,39.436623067018324,7.77e-08
EKZE250Exx471MH20D+EKZE250Exx471MJ16S/EKZE250Exx331MH15D,565.0,3.016,39.436623067018324,7.77e-08
EKZE250Exx471MH20D+EKZE250Exx681MJ20S/EKZE250Exx331MH15D,607.9130434782609,3.33,36.652761890709705,7.22e-08
EKZE250Exx471MH20D+EKZE250Exx821MJ25S/EKZE250Exx331MH15D,628.7596899224807,3.723,35.43753263764801,6.98e-08
EKZE250Exx471MJ16S+EKZE250Exx471MJ16S/EKZE250Exx331MH15D,565.0,3.267,39.436623067018324,7.77e-08
EKZE250Exx471MJ16S+EKZE250Exx681MJ20S/EKZE250Exx331MH15D,607.9130434782609,3.581,36.652761890709705,7.22e-08
EKZE250Exx471MJ16S+EKZE250Exx821MJ25S/EKZE250Exx331MH15D,628.7596899224807,3.974,35.43753263764801,6.98e-08
EKZE250Exx681MJ20S+EKZE250Exx681MJ20S/EKZE250Exx331MH15D,670.0,3.896,33.256256765470674,6.55e-08
EKZE250Exx681MJ20S+EKZE250Exx821MJ25S/EKZE250Exx331MH15D,701.7333333333333,4.288,31.752363717744657,6.25e-08
EKZE250Exx101MF11D+EKZE250Exx101MF11D/EKZE250Exx331MJC5S,380.0,1.668,58.636031665435134,1.155e-07
EKZE250Exx101MF11D+EKZE250Exx102MK20S/EKZE250Exx331MJC5S,420.9090909090909,3.779,52.937065304863694,1.043e-07
EKZE250Exx101MF11D+EKZE250Exx152MK25S/EKZE250Exx331MJC5S,423.75,4.393,52.58216408935776,1.036e-07
EKZE250Exx101MF11D+EKZE250Exx182MK30S/EKZE250Exx331MJC5S,424.7368421052632,5.006,52.4599936337598,1.033e-07
EKZE250Exx101MF11D+EKZE250Exx182ML20S/EKZE250Exx331MJC5S,424.7368421052632,5.346,52.4599936337598,1.033e-07
EKZE250Exx101MF11D+EKZE250Exx221MHB5D/EKZE250Exx331MJC5S,398.75,1.903,55.87885149307925,1.101e-07
EKZE250Exx101MF11D+EKZE250Exx222MK35S/EKZE250Exx331MJC5S,425.6521739130435,5.62,52.34718250826385,1.031e-07
EKZE250Exx101MF11D+EKZE250Exx272ML25S/EKZE250Exx331MJC5S,426.42857142857144,6.351,52.25187411392209,1.029e-07
EKZE250Exx101MF11D+EKZE250Exx331MH15D/EKZE250Exx331MJC5S,406.74418604651163,2.079,54.780603625683824,1.079e-07
EKZE250Exx101MF11D+EKZE250Exx331MJC5S/EKZE250Exx331MJC5S,406.74418604651163,2.306,54.780603625683824,1.079e-07
EKZE250Exx101MF11D+EKZE250Exx470ME11D/EKZE250Exx331MJC5S,361.97278911564626,1.541,61.5562625226688,1.213e-07
EKZE250Exx101MF11D+EKZE250Exx471MH20D/EKZE250Exx331MJC5S,412.4561403508772,2.33,54.02196707245108,1.064e-07
EKZE250Exx101MF11D+EKZE250Exx471MJ16S/EKZE250Exx331MJC5S,412.4561403508772,2.581,54.02196707245108,1.064e-07
EKZE250Exx101MF11D+EKZE250Exx681MJ20S/EKZE250Exx331MJC5S,417.1794871794872,2.895,53.410325094145584,1.052e-07
EKZE250Exx101MF11D+EKZE250Exx821MJ25S/EKZE250Exx331MJC5S,419.1304347826087,3.288,53.16171335642147,1.047e-07
EKZE250Exx102MK20S+EKZE250Exx221MHB5D/EKZE250Exx331MJC5S,510.327868852459,4.014,43.66152309684505,8.6e-08
EKZE250Exx102MK20S+EKZE250Exx331MH15D/EKZE250Exx331MJC5S,578.1203007518798,4.19,38.54161842074511,7.59e-08
EKZE250Exx102MK20S+EKZE250Exx331MJC5S/EKZE250Exx331MJC5S,578.1203007518798,4.418,38.54161842074511,7.59e-08
EKZE250Exx102MK20S+EKZE250Exx470ME11D/EKZE250Exx331MJC5S,374.8901623686724,3.652,59.435254027693624,1.171e-07
EKZE250Exx102MK20S+EKZE250Exx471MH20D/EKZE250Exx331MJC5S,649.7278911564626,4.441,34.2938826178537,6.76e-08
EKZE250Exx102MK20S+EKZE250Exx471MJ16S/EKZE250Exx331MJC5S,649.7278911564626,4.693,34.2938826178537,6.76e-08
EKZE250Exx152MK25S+EKZE250Exx221MHB5D/EKZE250Exx331MJC5S,521.8604651162791,4.628,42.696646943547684,8.41e-08
EKZE250Exx152MK25S+EKZE250Exx331MH15D/EKZE250Exx331MJC5S,600.4918032786885,4.804,37.10573884806952,7.31e-08
EKZE250Exx152MK25S+EKZE250Exx331MJC5S/EKZE250Exx331MJC5S,600.4918032786885,5.031,37.10573884806952,7.31e-08
EKZE250Exx152MK25S+EKZE250Exx470ME11D/EKZE250Exx331MJC5S,375.5720749838397,4.266,59.327339589409306,1.169e-07
EKZE250Exx152MK25S+EKZE250Exx471MH20D/EKZE250Exx331MJC5S,687.8680203045685,5.055,32.39239414415522,6.38e-08
EKZE250Exx152MK25S+EKZE250Exx471MJ16S/EKZE250Exx331MJC5S,687.8680203045685,5.306,32.39239414415522,6.38e-08
EKZE250Exx182MK30S+EKZE250Exx221MHB5D/EKZE250Exx331MJC5S,526.0396039603961,5.241,42.35744203499718,8.34e-08
EKZE250Exx182MK30S+EKZE250Exx331MH15D/EKZE250Exx331MJC5S,608.8732394366198,5.417,36.59496031305667,7.21e-08
EKZE250Exx182MK30S+EKZE250Exx331MJC5S/EKZE250Exx331MJC5S,608.8732394366198,5.645,36.59496031305667,7.21e-08
EKZE250Exx182MK30S+EKZE250Exx470ME11D/EKZE250Exx331MJC5S,375.8040064970222,4.879,59.290725079169434,1.168e-07
EKZE250Exx182MK30S+EKZE250Exx471MH20D/EKZE250Exx331MJC5S,702.6872246696036,5.669,31.70926018093182,6.25e-08
EKZE250Exx182MK30S+EKZE250Exx471MJ16S/EKZE250Exx331MJC5S,702.6872246696036,5.92,31.70926018093182,6.25e-08
EKZE250Exx182ML20S+EKZE250Exx221MHB5D/EKZE250Exx331MJC5S,526.0396039603961,5.581,42.35744203499718,8.34e-08
EKZE250Exx182ML20S+EKZE250Exx331MH15D/EKZE250Exx331MJC5S,608.8732394366198,5.757,36.59496031305667,7.21e-08
EKZE250Exx182ML20S+EKZE250Exx331MJC5S/EKZE250Exx331MJC5S,608.8732394366198,5.985,36.59496031305667,7.21e-08
EKZE250Exx182ML20S+EKZE250Exx470ME11D/EKZE250Exx331MJC5S,375.8040064970222,5.219,59.290725079169434,1.168e-07
EKZE250Exx182ML20S+EKZE250Exx471MH20D/EKZE250Exx331MJC5S,702.6872246696036,6.008,31.70926018093182,6.25e-08
EKZE250Exx182ML20S+EKZE250Exx471MJ16S/EKZE250Exx331MJC5S,702.6872246696036,6.26,31.70926018093182,6.25e-08
EKZE250Exx221MHB5D+EKZE250Exx221MHB5D/EKZE250Exx331MJC5S,440.0,2.138,50.64020916560307,9.98e-08
EKZE250Exx221MHB5D+EKZE250Exx222MK35S/EKZE250Exx331MJC5S,530.0,5.855,42.04092836389689,8.28e-08
EKZE250Exx221MHB5D+EKZE250Exx272ML25S/EKZE250Exx331MJC5S,533.4246575342465,6.586,41.77101998970649,8.23e-08
EKZE250Exx221MHB5D+EKZE250Exx331MH15D/EKZE250Exx331MJC5S,462.0,2.314,48.228770633907686,9.5e-08
EKZE250Exx221MHB5D+EKZE250Exx331MJC5S/EKZE250Exx331MJC5S,462.0,2.542,48.228770633907686,9.5e-08
EKZE250Exx221MHB5D+EKZE250Exx470ME11D/EKZE250Exx331MJC5S,368.72659176029964,1.776,60.42876356297663,1.19e-07
EKZE250Exx221MHB5D+EKZE250Exx471MH20D/EKZE250Exx331MJC5S,479.8550724637681,2.565,46.43421172659949,9.15e-08
EKZE250Exx221MHB5D+EKZE250Exx471MJ16S/EKZE250Exx331MJC5S,479.8550724637681,2.816,46.43421172659949,9.15e-08
EKZE250Exx221MHB5D+EKZE250Exx681MJ20S/EKZE250Exx331MJC5S,496.22222222222223,3.131,44.9026485212244,8.84e-08
EKZE250Exx221MHB5D+EKZE250Exx821MJ25S/EKZE250Exx331MJC5S,503.46153846153845,3.523,44.25698952287999,8.72e-08
EKZE250Exx222MK35S+EKZE250Exx331MH15D/EKZE250Exx331MJC5S,616.9565217391305,6.031,36.11549800957739,7.11e-08
EKZE250Exx222MK35S+EKZE250Exx331MJC5S/EKZE250Exx331MJC5S,616.9565217391305,6.259,36.11549800957739,7.11e-08
EKZE250Exx222MK35S+EKZE250Exx470ME11D/EKZE250Exx331MJC5S,376.0169114374722,5.493,59.25715401385762,1.167e-07
EKZE250Exx222MK35S+EKZE250Exx471MH20D/EKZE250Exx331MJC5S,717.2659176029963,6.282,31.064757833925373,6.12e-08
EKZE250Exx222MK35S+EKZE250Exx471MJ16S/EKZE250Exx331MJC5S,717.2659176029963,6.534,31.064757833925373,6.12e-08
EKZE250Exx272ML25S+EKZE250Exx331MH15D/EKZE250Exx331MJC5S,624.059405940594,6.762,35.7044406682437,7.03e-08
EKZE250Exx272ML25S+EKZE250Exx331MJC5S/EKZE250Exx331MJC5S,624.059405940594,6.99,35.7044406682437,7.03e-08
EKZE250Exx272ML25S+EKZE250Exx470ME11D/EKZE250Exx331MJC5S,376.19585001820167,6.224,59.22896818714848,1.167e-07
EKZE250Exx331MH15D+EKZE250Exx331MH15D/EKZE250Exx331MJC5S,495.0,2.49,45.01351925831384,8.87e-08
EKZE250Exx331MH15D+EKZE250Exx331MJC5S/EKZE250Exx331MJC5S,495.0,2.717,45.01351925831384,8.87e-08
EKZE250Exx331MH15D+EKZE250Exx470ME11D/EKZE250Exx331MJC5S,371.1405835543767,1.952,60.03571967117094,1.183e-07
EKZE250Exx331MH15D+EKZE250Exx471MH20D/EKZE250Exx331MJC5S,523.875,2.741,42.532459141713865,8.38e-08
EKZE250Exx331MH15D+EKZE250Exx471MJ16S/EKZE250Exx331MJC5S,523.875,2.992,42.532459141713865,8.38e-08
EKZE250Exx331MH15D+EKZE250Exx681MJ20S/EKZE250Exx331MJC5S,552.1782178217821,3.307,40.352356021506196,7.95e-08
EKZE250Exx331MH15D+EKZE250Exx821MJ25S/EKZE250Exx331MJC5S,565.304347826087,3.699,39.415391228726584,7.76e-08
EKZE250Exx331MJC5S+EKZE250Exx331MJC5S/EKZE250Exx331MJC5S,495.0,2.945,45.01351925831384,8.87e-08
EKZE250Exx331MJC5S+EKZE250Exx470ME11D/EKZE250Exx331MJC5S,371.1405835543767,2.179,60.03571967117094,1.183e-07
EKZE250Exx331MJC5S+EKZE250Exx471MH20D/EKZE250Exx331MJC5S,523.875,2.969,42.532459141713865,8.38e-08
EKZE250Exx331MJC5S+EKZE250Exx471MJ16S/EKZE250Exx331MJC5S,523.875,3.22,42.532459141713865,8.38e-08
EKZE250Exx331MJC5S+EKZE250Exx681MJ20S/EKZE250Exx331MJC5S,552.1782178217821,3.534,40.352356021506196,7.95e-08
EKZE250Exx331MJC5S+EKZE250Exx821MJ25S/EKZE250Exx331MJC5S,565.304347826087,3.927,39.415391228726584,7.76e-08
EKZE250Exx470ME11D+EKZE250Exx470ME11D/EKZE250Exx331MJC5S,353.5,1.414,63.031660630453615,1.242e-07
EKZE250Exx470ME11D+EKZE250Exx471MH20D/EKZE250Exx331MJC5S,372.72727272727275,2.203,59.780149356468016,1.178e-07
EKZE250Exx470ME11D+EKZE250Exx471MJ16S/EKZE250Exx331MJC5S,372.72727272727275,2.454,59.780149356468016,1.178e-07
EKZE250Exx470ME11D+EKZE250Exx681MJ20S/EKZE250Exx331MJC5S,373.9614855570839,2.769,59.582852495284904,1.174e-07
EKZE250Exx470ME11D+EKZE250Exx821MJ25S/EKZE250Exx331MJC5S,374.45213379469436,3.161,59.504780509762085,1.172e-07
EKZE250Exx471MH20D+EKZE250Exx471MH20D/EKZE250Exx331MJC5S,565.0,2.992,39.436623067018324,7.77e-08
EKZE250Exx471MH20D+EKZE250Exx471MJ16S/EKZE250Exx331MJC5S,565.0,3.244,39.436623067018324,7.77e-08
EKZE250Exx471MH20D+EKZE250Exx681MJ20S/EKZE250Exx331MJC5S,607.9130434782609,3.558,36.652761890709705,7.22e-08
EKZE250Exx471MH20D+EKZE250Exx821MJ25S/EKZE250Exx331MJC5S,628.7596899224807,3.951,35.43753263764801,6.98e-08
EKZE250Exx471MJ16S+EKZE250Exx471MJ16S/EKZE250Exx331MJC5S,565.0,3.495,39.436623067018324,7.77e-08
EKZE250Exx471MJ16S+EKZE250Exx681MJ20S/EKZE250Exx331MJC5S,607.9130434782609,3.809,36.652761890709705,7.22e-08
EKZE250Exx471MJ16S+EKZE250Exx821MJ25S/EKZE250Exx331MJC5S,628.7596899224807,4.202,35.43753263764801,6.98e-08
EKZE250Exx681MJ20S+EKZE250Exx681MJ20S/EKZE250Exx331MJC5S,670.0,4.123,33.256256765470674,6.55e-08
EKZE250Exx681MJ20S+EKZE250Exx821MJ25S/EKZE250Exx331MJC5S,701.7333333333333,4.516,31.752363717744657,6.25e-08
EKZE250Exx101MF11D+EKZE250Exx101MF11D/EKZE250Exx470ME11D,97.0,0.902,229.70816528727164,4.525e-07
EKZE250Exx101MF11D+EKZE250Exx102MK20S/EKZE250Exx470ME11D,137.9090909090909,3.013,161.56797123369734,3.183e-07
EKZE250Exx101MF11D+EKZE250Exx152MK25S/EKZE250Exx470ME11D,140.75,3.627,158.30687057097938,3.118e-07
EKZE250Exx101MF11D+EKZE250Exx182MK30S/EKZE250Exx470ME11D,141.73684210526318,4.24,157.2046597194362,3.097e-07
EKZE250Exx101MF11D+EKZE250Exx182ML20S/EKZE250Exx470ME11D,141.73684210526318,4.58,157.2046597194362,3.097e-07
EKZE250Exx101MF11D+EKZE250Exx221MHB5D/EKZE250Exx470ME11D,115.75,1.137,192.4984192904134,3.792e-07
EKZE250Exx101MF11D+EKZE250Exx222MK35S/EKZE250Exx470ME11D,142.6521739130435,4.854,156.19595146476775,3.077e-07
EKZE250Exx101MF11D+EKZE250Exx272ML25S/EKZE250Exx470ME11D,143.42857142857144,5.585,155.35044246021656,3.06e-07
EKZE250Exx101MF11D+EKZE250Exx331MH15D/EKZE250Exx470ME11D,123.74418604651163,1.313,180.06253663093594,3.547e-07
EKZE250Exx101MF11D+EKZE250Exx331MJC5S/EKZE250Exx470ME11D,123.74418604651163,1.541,180.06253663093594,3.547e-07
EKZE250Exx101MF11D+EKZE250Exx470ME11D/EKZE250Exx470ME11D,78.97278911564626,0.775,282.14391668801846,5.558e-07
EKZE250Exx101MF11D+EKZE250Exx471MH20D/EKZE250Exx470ME11D,129.4561403508772,1.564,172.1176915399546,3.39e-07
EKZE250Exx101MF11D+EKZE250Exx471MJ16S/EKZE250Exx470ME11D,129.4561403508772,1.816,172.1176915399546,3.39e-07
EKZE250Exx101MF11D+EKZE250Exx681MJ20S/EKZE250Exx470ME11D,134.17948717948718,2.13,166.05885520385033,3.271e-07
EKZE250Exx101MF11D+EKZE250Exx821MJ25S/EKZE250Exx470ME11D,136.1304347826087,2.522,163.6789897016618,3.224e-07
EKZE250Exx102MK20S+EKZE250Exx102MK20S/EKZE250Exx470ME11D,547.0,5.125,40.734354721874496,8.02e-08
EKZE250Exx102MK20S+EKZE250Exx152MK25S/EKZE250Exx470ME11D,647.0,5.738,34.43847300288308,6.78e-08
EKZE250Exx102MK20S+EKZE250Exx182MK30S/EKZE250Exx470ME11D,689.8571428571429,6.352,32.29899445642109,6.36e-08
EKZE250Exx102MK20S+EKZE250Exx182ML20S/EKZE250Exx470ME11D,689.8571428571429,6.692,32.29899445642109,6.36e-08
EKZE250Exx102MK20S+EKZE250Exx221MHB5D/EKZE250Exx470ME11D,227.327868852459,3.248,98.0156640949583,1.931e-07
EKZE250Exx102MK20S+EKZE250Exx331MH15D/EKZE250Exx470ME11D,295.1203007518797,3.424,75.50037044587633,1.487e-07
EKZE250Exx102MK20S+EKZE250Exx331MJC5S/EKZE250Exx470ME11D,295.1203007518797,3.652,75.50037044587633,1.487e-07
EKZE250Exx102MK20S+EKZE250Exx470ME11D/EKZE250Exx470ME11D,91.8901623686724,2.886,242.48180064661332,4.776e-07
EKZE250Exx102MK20S+EKZE250Exx471MH20D/EKZE250Exx470ME11D,366.7278911564626,3.676,60.75810586045385,1.197e-07
EKZE250Exx102MK20S+EKZE250Exx471MJ16S/EKZE250Exx470ME11D,366.7278911564626,3.927,60.75810586045385,1.197e-07
EKZE250Exx102MK20S+EKZE250Exx681MJ20S/EKZE250Exx470ME11D,451.76190476190476,4.241,49.321759533063386,9.72e-08
EKZE250Exx102MK20S+EKZE250Exx821MJ25S/EKZE250Exx470ME11D,497.54945054945057,4.634,44.78286933742842,8.82e-08
EKZE250Exx152MK25S+EKZE250Exx221MHB5D/EKZE250Exx470ME11D,238.86046511627907,3.862,93.28329835587675,1.837e-07
EKZE250Exx152MK25S+EKZE250Exx331MH15D/EKZE250Exx470ME11D,317.4918032786885,4.038,70.18036939147966,1.382e-07
EKZE250Exx152MK25S+EKZE250Exx331MJC5S/EKZE250Exx470ME11D,317.4918032786885,4.266,70.18036939147966,1.382e-07
EKZE250Exx152MK25S+EKZE250Exx470ME11D/EKZE250Exx470ME11D,92.57207498383968,3.5,240.6956097371164,4.741e-07
EKZE250Exx152MK25S+EKZE250Exx471MH20D/EKZE250Exx470ME11D,404.8680203045685,4.289,55.0344579354615,1.084e-07
EKZE250Exx152MK25S+EKZE250Exx471MJ16S/EKZE250Exx470ME11D,404.8680203045685,4.541,55.0344579354615,1.084e-07
EKZE250Exx152MK25S+EKZE250Exx681MJ20S/EKZE250Exx470ME11D,514.8899082568807,4.855,43.27467226595733,8.52e-08
EKZE250Exx152MK25S+EKZE250Exx821MJ25S/EKZE250Exx470ME11D,577.1724137931035,5.247,38.604915100555324,7.6e-08
EKZE250Exx182MK30S+EKZE250Exx221MHB5D/EKZE250Exx470ME11D,243.03960396039605,4.476,91.67926407786697,1.806e-07
EKZE250Exx182MK30S+EKZE250Exx331MH15D/EKZE250Exx470ME11D,325.8732394366197,4.652,68.37533536471625,1.347e-07
EKZE250Exx182MK30S+EKZE250Exx331MJC5S/EKZE250Exx470ME11D,325.8732394366197,4.879,68.37533536471625,1.347e-07
EKZE250Exx182MK30S+EKZE250Exx470ME11D/EKZE250Exx470ME11D,92.8040064970222,4.114,240.09407431758135,4.729e-07
EKZE250Exx182MK30S+EKZE250Exx471MH20D/EKZE250Exx470ME11D,419.68722466960355,4.903,53.09118487084397,1.046e-07
EKZE250Exx182MK30S+EKZE250Exx471MJ16S/EKZE250Exx470ME11D,419.68722466960355,5.154,53.09118487084397,1.046e-07
EKZE250Exx182MK30S+EKZE250Exx681MJ20S/EKZE250Exx470ME11D,540.5483870967741,5.468,41.22053189824109,8.12e-08
EKZE250Exx182MK30S+EKZE250Exx821MJ25S/EKZE250Exx470ME11D,610.3587786259542,5.861,36.505892621100855,7.19e-08
EKZE250Exx182ML20S+EKZE250Exx221MHB5D/EKZE250Exx470ME11D,243.03960396039605,4.815,91.67926407786697,1.806e-07
EKZE250Exx182ML20S+EKZE250Exx331MH15D/EKZE250Exx470ME11D,325.8732394366197,4.991,68.37533536471625,1.347e-07
EKZE250Exx182ML20S+EKZE250Exx331MJC5S/EKZE250Exx470ME11D,325.8732394366197,5.219,68.37533536471625,1.347e-07
EKZE250Exx182ML20S+EKZE250Exx470ME11D/EKZE250Exx470ME11D,92.8040064970222,4.453,240.09407431758135,4.729e-07
EKZE250Exx182ML20S+EKZE250Exx471MH20D/EKZE250Exx470ME11D,419.68722466960355,5.243,53.09118487084397,1.046e-07
EKZE250Exx182ML20S+EKZE250Exx471MJ16S/EKZE250Exx470ME11D,419.68722466960355,5.494,53.09118487084397,1.046e-07
EKZE250Exx182ML20S+EKZE250Exx681MJ20S/EKZE250Exx470ME11D,540.5483870967741,5.808,41.22053189824109,8.12e-08
EKZE250Exx182ML20S+EKZE250Exx821MJ25S/EKZE250Exx470ME11D,610.3587786259542,6.201,36.505892621100855,7.19e-08
EKZE250Exx221MHB5D+EKZE250Exx221MHB5D/EKZE250Exx470ME11D,157.0,1.372,141.92160530487484,2.796e-07
EKZE250Exx221MHB5D+EKZE250Exx222MK35S/EKZE250Exx470ME11D,247.0,5.089,90.20927948528482,1.777e-07
EKZE250Exx221MHB5D+EKZE250Exx272ML25S/EKZE250Exx470ME11D,250.42465753424656,5.821,88.9756314424359,1.753e-07
EKZE250Exx221MHB5D+EKZE250Exx331MH15D/EKZE250Exx470ME11D,179.0,1.548,124.47872644058855,2.452e-07
EKZE250Exx221MHB5D+EKZE250Exx331MJC5S/EKZE250Exx470ME11D,179.0,1.776,124.47872644058855,2.452e-07
EKZE250Exx221MHB5D+EKZE250Exx470ME11D/EKZE250Exx470ME11D,85.72659176029963,1.01,259.9157574719319,5.12e-07
EKZE250Exx221MHB5D+EKZE250Exx471MH20D/EKZE250Exx470ME11D,196.85507246376812,1.799,113.18830525419341,2.23e-07
EKZE250Exx221MHB5D+EKZE250Exx471MJ16S/EKZE250Exx470ME11D,196.85507246376812,2.051,113.18830525419341,2.23e-07
EKZE250Exx221MHB5D+EKZE250Exx681MJ20S/EKZE250Exx470ME11D,213.22222222222223,2.365,104.49985841364678,2.058e-07
EKZE250Exx221MHB5D+EKZE250Exx821MJ25S/EKZE250Exx470ME11D,220.46153846153845,2.758,101.06838675061046,1.991e-07
EKZE250Exx222MK35S+EKZE250Exx331MH15D/EKZE250Exx470ME11D,333.95652173913044,5.265,66.72033807523799,1.314e-07
EKZE250Exx222MK35S+EKZE250Exx331MJC5S/EKZE250Exx470ME11D,333.95652173913044,5.493,66.72033807523799,1.314e-07
EKZE250Exx222MK35S+EKZE250Exx470ME11D/EKZE250Exx470ME11D,93.01691143747219,4.727,239.5445267804183,4.718e-07
EKZE250Exx222MK35S+EKZE250Exx471MH20D/EKZE250Exx470ME11D,434.26591760299624,5.516,51.3088665945808,1.011e-07
EKZE250Exx222MK35S+EKZE250Exx471MJ16S/EKZE250Exx470ME11D,434.26591760299624,5.768,51.3088665945808,1.011e-07
EKZE250Exx222MK35S+EKZE250Exx681MJ20S/EKZE250Exx470ME11D,566.4444444444445,6.082,39.336058904626945,7.75e-08
EKZE250Exx222MK35S+EKZE250Exx821MJ25S/EKZE250Exx470ME11D,644.3509933774834,6.475,34.580053824503004,6.81e-08
EKZE250Exx272ML25S+EKZE250Exx331MH15D/EKZE250Exx470ME11D,341.05940594059405,5.997,65.33082402878046,1.287e-07
EKZE250Exx272ML25S+EKZE250Exx331MJC5S/EKZE250Exx470ME11D,341.05940594059405,6.224,65.33082402878046,1.287e-07
EKZE250Exx272ML25S+EKZE250Exx470ME11D/EKZE250Exx470ME11D,93.19585001820167,5.459,239.0845947380019,4.709e-07
EKZE250Exx272ML25S+EKZE250Exx471MH20D/EKZE250Exx470ME11D,447.3154574132492,6.248,49.812032344503955,9.81e-08
EKZE250Exx272ML25S+EKZE250Exx471MJ16S/EKZE250Exx470ME11D,447.3154574132492,6.499,49.812032344503955,9.81e-08
EKZE250Exx272ML25S+EKZE250Exx681MJ20S/EKZE250Exx470ME11D,590.1952662721893,6.813,37.75308496389967,7.44e-08
EKZE250Exx272ML25S+EKZE250Exx821MJ25S/EKZE250Exx470ME11D,675.9772727272727,7.206,32.962191085165436,6.49e-08
EKZE250Exx331MH15D+EKZE250Exx331MH15D/EKZE250Exx470ME11D,212.0,1.724,105.10232090974222,2.07e-07
EKZE250Exx331MH15D+EKZE250Exx331MJC5S/EKZE250Exx470ME11D,212.0,1.952,105.10232090974222,2.07e-07
EKZE250Exx331MH15D+EKZE250Exx470ME11D/EKZE250Exx470ME11D,88.14058355437666,1.186,252.7971921029895,4.98e-07
EKZE250Exx331MH15D+EKZE250Exx471MH20D/EKZE250Exx470ME11D,240.875,1.975,92.50313246648822,1.822e-07
EKZE250Exx331MH15D+EKZE250Exx471MJ16S/EKZE250Exx470ME11D,240.875,2.227,92.50313246648822,1.822e-07
EKZE250Exx331MH15D+EKZE250Exx681MJ20S/EKZE250Exx470ME11D,269.17821782178214,2.541,82.77672767570533,1.631e-07
EKZE250Exx331MH15D+EKZE250Exx821MJ25S/EKZE250Exx470ME11D,282.304347826087,2.933,78.92790955735454,1.555e-07
EKZE250Exx331MJC5S+EKZE250Exx331MJC5S/EKZE250Exx470ME11D,212.0,2.179,105.10232090974222,2.07e-07
EKZE250Exx331MJC5S+EKZE250Exx470ME11D/EKZE250Exx470ME11D,88.14058355437666,1.414,252.7971921029895,4.98e-07
EKZE250Exx331MJC5S+EKZE250Exx471MH20D/EKZE250Exx470ME11D,240.875,2.203,92.50313246648822,1.822e-07
EKZE250Exx331MJC5S+EKZE250Exx471MJ16S/EKZE250Exx470ME11D,240.875,2.454,92.50313246648822,1.822e-07
EKZE250Exx331MJC5S+EKZE250Exx681MJ20S/EKZE250Exx470ME11D,269.17821782178214,2.769,82.77672767570533,1.631e-07
EKZE250Exx331MJC5S+EKZE250Exx821MJ25S/EKZE250Exx470ME11D,282.304347826087,3.161,78.92790955735454,1.555e-07
EKZE250Exx470ME11D+EKZE250Exx470ME11D/EKZE250Exx470ME11D,70.5,0.648,316.05236926050145,6.226e-07
EKZE250Exx470ME11D+EKZE250Exx471MH20D/EKZE250Exx470ME11D,89.72727272727272,1.437,248.3268615618226,4.891e-07
EKZE250Exx470ME11D+EKZE250Exx471MJ16S/EKZE250Exx470ME11D,89.72727272727272,1.689,248.3268615618226,4.891e-07
EKZE250Exx470ME11D+EKZE250Exx681MJ20S/EKZE250Exx470ME11D,90.9614855570839,2.003,244.9574333181072,4.825e-07
EKZE250Exx470ME11D+EKZE250Exx821MJ25S/EKZE250Exx470ME11D,91.45213379469435,2.395,243.64321649275763,4.799e-07
EKZE250Exx471MH20D+EKZE250Exx471MH20D/EKZE250Exx470ME11D,282.0,2.227,79.01309231512536,1.556e-07
EKZE250Exx471MH20D+EKZE250Exx471MJ16S/EKZE250Exx470ME11D,282.0,2.478,79.01309231512536,1.556e-07
EKZE250Exx471MH20D+EKZE250Exx681MJ20S/EKZE250Exx470ME11D,324.9130434782609,2.792,68.57740087727862,1.351e-07
EKZE250Exx471MH20D+EKZE250Exx821MJ25S/EKZE250Exx470ME11D,345.7596899224806,3.185,64.4427117512192,1.269e-07
EKZE250Exx471MJ16S+EKZE250Exx471MJ16S/EKZE250Exx470ME11D,282.0,2.729,79.01309231512536,1.556e-07
EKZE250Exx471MJ16S+EKZE250Exx681MJ20S/EKZE250Exx470ME11D,324.9130434782609,3.043,68.57740087727862,1.351e-07
EKZE250Exx471MJ16S+EKZE250Exx821MJ25S/EKZE250Exx470ME11D,345.7596899224806,3.436,64.4427117512192,1.269e-07
EKZE250Exx681MJ20S+EKZE250Exx681MJ20S/EKZE250Exx470ME11D,387.0,3.358,57.57543160947119,1.134e-07
EKZE250Exx681MJ20S+EKZE250Exx821MJ25S/EKZE250Exx470ME11D,418.73333333333335,3.75,53.212128720423536,1.048e-07
EKZE250Exx821MJ25S+EKZE250Exx821MJ25S/EKZE250Exx470ME11D,457.0,4.143,48.75643770867691,9.6e-08
EKZE250Exx101MF11D+EKZE250Exx101MF11D/EKZE250Exx471MH20D,520.0,1.691,42.84940775551029,8.44e-08
EKZE250Exx101MF11D+EKZE250Exx102MK20S/EKZE250Exx471MH20D,560.9090909090909,3.803,39.724248356810186,7.82e-08
EKZE250Exx101MF11D+EKZE250Exx152MK25S/EKZE250Exx471MH20D,563.75,4.416,39.524065690226784,7.79e-08
EKZE250Exx101MF11D+EKZE250Exx182MK30S/EKZE250Exx471MH20D,564.7368421052631,5.03,39.454999871802585,7.77e-08
EKZE250Exx101MF11D+EKZE250Exx182ML20S/EKZE250Exx471MH20D,564.7368421052631,5.369,39.454999871802585,7.77e-08
EKZE250Exx101MF11D+EKZE250Exx221MHB5D/EKZE250Exx471MH20D,538.75,1.926,41.35812906332316,8.15e-08
EKZE250Exx101MF11D+EKZE250Exx222MK35S/EKZE250Exx471MH20D,565.6521739130435,5.643,39.39115424718701,7.76e-08
EKZE250Exx101MF11D+EKZE250Exx272ML25S/EKZE250Exx471MH20D,566.4285714285714,6.375,39.33716121817338,7.75e-08
EKZE250Exx101MF11D+EKZE250Exx331MH15D/EKZE250Exx471MH20D,546.7441860465117,2.102,40.75341375641046,8.03e-08
EKZE250Exx101MF11D+EKZE250Exx331MJC5S/EKZE250Exx471MH20D,546.7441860465117,2.33,40.75341375641046,8.03e-08
EKZE250Exx101MF11D+EKZE250Exx470ME11D/EKZE250Exx471MH20D,501.97278911564626,1.564,44.38824676556724,8.74e-08
EKZE250Exx101MF11D+EKZE250Exx471MH20D/EKZE250Exx471MH20D,552.4561403508771,2.354,40.332056077272945,7.94e-08
EKZE250Exx101MF11D+EKZE250Exx471MJ16S/EKZE250Exx471MH20D,552.4561403508771,2.605,40.332056077272945,7.94e-08
EKZE250Exx101MF11D+EKZE250Exx681MJ20S/EKZE250Exx471MH20D,557.1794871794872,2.919,39.99015137053606,7.88e-08
EKZE250Exx101MF11D+EKZE250Exx821MJ25S/EKZE250Exx471MH20D,559.1304347826087,3.312,39.85061561087893,7.85e-08
EKZE250Exx102MK20S+EKZE250Exx221MHB5D/EKZE250Exx471MH20D,650.327868852459,4.038,34.262243861981005,6.75e-08
EKZE250Exx102MK20S+EKZE250Exx331MH15D/EKZE250Exx471MH20D,718.1203007518798,4.214,31.027798559010485,6.11e-08
EKZE250Exx102MK20S+EKZE250Exx331MJC5S/EKZE250Exx471MH20D,718.1203007518798,4.441,31.027798559010485,6.11e-08
EKZE250Exx102MK20S+EKZE250Exx470ME11D/EKZE250Exx471MH20D,514.8901623686723,3.676,43.27465090877224,8.52e-08
EKZE250Exx152MK25S+EKZE250Exx221MHB5D/EKZE250Exx471MH20D,661.8604651162791,4.651,33.665240949164094,6.63e-08
EKZE250Exx152MK25S+EKZE250Exx470ME11D/EKZE250Exx471MH20D,515.5720749838397,4.289,43.21741442952231,8.51e-08
EKZE250Exx182MK30S+EKZE250Exx221MHB5D/EKZE250Exx471MH20D,666.0396039603961,5.265,33.4540046873703,6.59e-08
EKZE250Exx182MK30S+EKZE250Exx470ME11D/EKZE250Exx471MH20D,515.8040064970222,4.903,43.19798169887613,8.51e-08
EKZE250Exx182ML20S+EKZE250Exx221MHB5D/EKZE250Exx471MH20D,666.0396039603961,5.605,33.4540046873703,6.59e-08
EKZE250Exx182ML20S+EKZE250Exx470ME11D/EKZE250Exx471MH20D,515.8040064970222,5.243,43.19798169887613,8.51e-08
EKZE250Exx221MHB5D+EKZE250Exx221MHB5D/EKZE250Exx471MH20D,580.0,2.161,38.41671040149198,7.57e-08
EKZE250Exx221MHB5D+EKZE250Exx222MK35S/EKZE250Exx471MH20D,670.0,5.879,33.256256765470674,6.55e-08
EKZE250Exx221MHB5D+EKZE250Exx272ML25S/EKZE250Exx471MH20D,673.4246575342465,6.61,33.08713422292862,6.52e-08
EKZE250Exx221MHB5D+EKZE250Exx331MH15D/EKZE250Exx471MH20D,602.0,2.337,37.01277746323148,7.29e-08
EKZE250Exx221MHB5D+EKZE250Exx331MJC5S/EKZE250Exx471MH20D,602.0,2.565,37.01277746323148,7.29e-08
EKZE250Exx221MHB5D+EKZE250Exx470ME11D/EKZE250Exx471MH20D,508.72659176029964,1.799,43.79895290270963,8.63e-08
EKZE250Exx221MHB5D+EKZE250Exx471MH20D/EKZE250Exx471MH20D,619.8550724637681,2.589,35.9466156246834,7.08e-08
EKZE250Exx221MHB5D+EKZE250Exx471MJ16S/EKZE250Exx471MH20D,619.8550724637681,2.84,35.9466156246834,7.08e-08
EKZE250Exx221MHB5D+EKZE250Exx681MJ20S/EKZE250Exx471MH20D,636.2222222222222,3.154,35.02187011802099,6.9e-08
EKZE250Exx221MHB5D+EKZE250Exx821MJ25S/EKZE250Exx471MH20D,643.4615384615385,3.547,34.627853727106945,6.82e-08
EKZE250Exx222MK35S+EKZE250Exx470ME11D/EKZE250Exx471MH20D,516.0169114374722,5.516,43.1801585161135,8.51e-08
EKZE250Exx272ML25S+EKZE250Exx470ME11D/EKZE250Exx471MH20D,516.1958500182017,6.248,43.165190173612736,8.5e-08
EKZE250Exx331MH15D+EKZE250Exx331MH15D/EKZE250Exx471MH20D,635.0,2.513,35.08927879191394,6.91e-08
EKZE250Exx331MH15D+EKZE250Exx331MJC5S/EKZE250Exx471MH20D,635.0,2.741,35.08927879191394,6.91e-08
EKZE250Exx331MH15D+EKZE250Exx470ME11D/EKZE250Exx471MH20D,511.1405835543767,1.975,43.59210117483257,8.59e-08
EKZE250Exx331MH15D+EKZE250Exx471MH20D/EKZE250Exx471MH20D,663.875,2.765,33.563083461292194,6.61e-08
EKZE250Exx331MH15D+EKZE250Exx471MJ16S/EKZE250Exx471MH20D,663.875,3.016,33.563083461292194,6.61e-08
EKZE250Exx331MH15D+EKZE250Exx681MJ20S/EKZE250Exx471MH20D,692.1782178217821,3.33,32.19068653010157,6.34e-08
EKZE250Exx331MH15D+EKZE250Exx821MJ25S/EKZE250Exx471MH20D,705.304347826087,3.723,31.59159886301954,6.22e-08
EKZE250Exx331MJC5S+EKZE250Exx331MJC5S/EKZE250Exx471MH20D,635.0,2.969,35.08927879191394,6.91e-08
EKZE250Exx331MJC5S+EKZE250Exx470ME11D/EKZE250Exx471MH20D,511.1405835543767,2.203,43.59210117483257,8.59e-08
EKZE250Exx331MJC5S+EKZE250Exx471MH20D/EKZE250Exx471MH20D,663.875,2.992,33.563083461292194,6.61e-08
EKZE250Exx331MJC5S+EKZE250Exx471MJ16S/EKZE250Exx471MH20D,663.875,3.244,33.563083461292194,6.61e-08
EKZE250Exx331MJC5S+EKZE250Exx681MJ20S/EKZE250Exx471MH20D,692.1782178217821,3.558,32.19068653010157,6.34e-08
EKZE250Exx331MJC5S+EKZE250Exx821MJ25S/EKZE250Exx471MH20D,705.304347826087,3.951,31.59159886301954,6.22e-08
EKZE250Exx470ME11D+EKZE250Exx470ME11D/EKZE250Exx471MH20D,493.5,1.437,45.150338465785914,8.89e-08
EKZE250Exx470ME11D+EKZE250Exx471MH20D/EKZE250Exx471MH20D,512.7272727272727,2.227,43.457200773318945,8.56e-08
EKZE250Exx470ME11D+EKZE250Exx471MJ16S/EKZE250Exx471MH20D,512.7272727272727,2.478,43.457200773318945,8.56e-08
EKZE250Exx470ME11D+EKZE250Exx681MJ20S/EKZE250Exx471MH20D,513.961485557084,2.792,43.352843858940474,8.54e-08
EKZE250Exx470ME11D+EKZE250Exx821MJ25S/EKZE250Exx471MH20D,514.4521337946943,3.185,43.31149696767989,8.53e-08
EKZE250Exx471MH20D+EKZE250Exx471MH20D/EKZE250Exx471MH20D,705.0,3.016,31.605236926050143,6.23e-08
EKZE250Exx471MH20D+EKZE250Exx471MJ16S/EKZE250Exx471MH20D,705.0,3.267,31.605236926050143,6.23e-08
EKZE250Exx471MJ16S+EKZE250Exx471MJ16S/EKZE250Exx471MH20D,705.0,3.519,31.605236926050143,6.23e-08
EKZE250Exx101MF11D+EKZE250Exx101MF11D/EKZE250Exx471MJ16S,520.0,1.942,42.84940775551029,8.44e-08
EKZE250Exx101MF11D+EKZE250Exx102MK20S/EKZE250Exx471MJ16S,560.9090909090909,4.054,39.724248356810186,7.82e-08
EKZE250Exx101MF11D+EKZE250Exx152MK25S/EKZE250Exx471MJ16S,563.75,4.667,39.524065690226784,7.79e-08
EKZE250Exx101MF11D+EKZE250Exx182MK30S/EKZE250Exx471MJ16S,564.7368421052631,5.281,39.454999871802585,7.77e-08
EKZE250Exx101MF11D+EKZE250Exx182ML20S/EKZE250Exx471MJ16S,564.7368421052631,5.621,39.454999871802585,7.77e-08
EKZE250Exx101MF11D+EKZE250Exx221MHB5D/EKZE250Exx471MJ16S,538.75,2.178,41.35812906332316,8.15e-08
EKZE250Exx101MF11D+EKZE250Exx222MK35S/EKZE250Exx471MJ16S,565.6521739130435,5.895,39.39115424718701,7.76e-08
EKZE250Exx101MF11D+EKZE250Exx272ML25S/EKZE250Exx471MJ16S,566.4285714285714,6.626,39.33716121817338,7.75e-08
EKZE250Exx101MF11D+EKZE250Exx331MH15D/EKZE250Exx471MJ16S,546.7441860465117,2.354,40.75341375641046,8.03e-08
EKZE250Exx101MF11D+EKZE250Exx331MJC5S/EKZE250Exx471MJ16S,546.7441860465117,2.581,40.75341375641046,8.03e-08
EKZE250Exx101MF11D+EKZE250Exx470ME11D/EKZE250Exx471MJ16S,501.97278911564626,1.816,44.38824676556724,8.74e-08
EKZE250Exx101MF11D+EKZE250Exx471MH20D/EKZE250Exx471MJ16S,552.4561403508771,2.605,40.332056077272945,7.94e-08
EKZE250Exx101MF11D+EKZE250Exx471MJ16S/EKZE250Exx471MJ16S,552.4561403508771,2.856,40.332056077272945,7.94e-08
EKZE250Exx101MF11D+EKZE250Exx681MJ20S/EKZE250Exx471MJ16S,557.1794871794872,3.17,39.99015137053606,7.88e-08
EKZE250Exx101MF11D+EKZE250Exx821MJ25S/EKZE250Exx471MJ16S,559.1304347826087,3.563,39.85061561087893,7.85e-08
EKZE250Exx102MK20S+EKZE250Exx221MHB5D/EKZE250Exx471MJ16S,650.327868852459,4.289,34.262243861981005,6.75e-08
EKZE250Exx102MK20S+EKZE250Exx331MH15D/EKZE250Exx471MJ16S,718.1203007518798,4.465,31.027798559010485,6.11e-08
EKZE250Exx102MK20S+EKZE250Exx331MJC5S/EKZE250Exx471MJ16S,718.1203007518798,4.693,31.027798559010485,6.11e-08
EKZE250Exx102MK20S+EKZE250Exx470ME11D/EKZE250Exx471MJ16S,514.8901623686723,3.927,43.27465090877224,8.52e-08
EKZE250Exx152MK25S+EKZE250Exx221MHB5D/EKZE250Exx471MJ16S,661.8604651162791,4.903,33.665240949164094,6.63e-08
EKZE250Exx152MK25S+EKZE250Exx470ME11D/EKZE250Exx471MJ16S,515.5720749838397,4.541,43.21741442952231,8.51e-08
EKZE250Exx182MK30S+EKZE250Exx221MHB5D/EKZE250Exx471MJ16S,666.0396039603961,5.516,33.4540046873703,6.59e-08
EKZE250Exx182MK30S+EKZE250Exx470ME11D/EKZE250Exx471MJ16S,515.8040064970222,5.154,43.19798169887613,8.51e-08
EKZE250Exx182ML20S+EKZE250Exx221MHB5D/EKZE250Exx471MJ16S,666.0396039603961,5.856,33.4540046873703,6.59e-08
EKZE250Exx182ML20S+EKZE250Exx470ME11D/EKZE250Exx471MJ16S,515.8040064970222,5.494,43.19798169887613,8.51e-08
EKZE250Exx221MHB5D+EKZE250Exx221MHB5D/EKZE250Exx471MJ16S,580.0,2.413,38.41671040149198,7.57e-08
EKZE250Exx221MHB5D+EKZE250Exx222MK35S/EKZE250Exx471MJ16S,670.0,6.13,33.256256765470674,6.55e-08
EKZE250Exx221MHB5D+EKZE250Exx272ML25S/EKZE250Exx471MJ16S,673.4246575342465,6.861,33.08713422292862,6.52e-08
EKZE250Exx221MHB5D+EKZE250Exx331MH15D/EKZE250Exx471MJ16S,602.0,2.589,37.01277746323148,7.29e-08
EKZE250Exx221MHB5D+EKZE250Exx331MJC5S/EKZE250Exx471MJ16S,602.0,2.816,37.01277746323148,7.29e-08
EKZE250Exx221MHB5D+EKZE250Exx470ME11D/EKZE250Exx471MJ16S,508.72659176029964,2.051,43.79895290270963,8.63e-08
EKZE250Exx221MHB5D+EKZE250Exx471MH20D/EKZE250Exx471MJ16S,619.8550724637681,2.84,35.9466156246834,7.08e-08
EKZE250Exx221MHB5D+EKZE250Exx471MJ16S/EKZE250Exx471MJ16S,619.8550724637681,3.091,35.9466156246834,7.08e-08
EKZE250Exx221MHB5D+EKZE250Exx681MJ20S/EKZE250Exx471MJ16S,636.2222222222222,3.405,35.02187011802099,6.9e-08
EKZE250Exx221MHB5D+EKZE250Exx821MJ25S/EKZE250Exx471MJ16S,643.4615384615385,3.798,34.627853727106945,6.82e-08
EKZE250Exx222MK35S+EKZE250Exx470ME11D/EKZE250Exx471MJ16S,516.0169114374722,5.768,43.1801585161135,8.51e-08
EKZE250Exx272ML25S+EKZE250Exx470ME11D/EKZE250Exx471MJ16S,516.1958500182017,6.499,43.165190173612736,8.5e-08
EKZE250Exx331MH15D+EKZE250Exx331MH15D/EKZE250Exx471MJ16S,635.0,2.765,35.08927879191394,6.91e-08
EKZE250Exx331MH15D+EKZE250Exx331MJC5S/EKZE250Exx471MJ16S,635.0,2.992,35.08927879191394,6.91e-08
EKZE250Exx331MH15D+EKZE250Exx470ME11D/EKZE250Exx471MJ16S,511.1405835543767,2.227,43.59210117483257,8.59e-08
EKZE250Exx331MH15D+EKZE250Exx471MH20D/EKZE250Exx471MJ16S,663.875,3.016,33.563083461292194,6.61e-08
EKZE250Exx331MH15D+EKZE250Exx471MJ16S/EKZE250Exx471MJ16S,663.875,3.267,33.563083461292194,6.61e-08
EKZE250Exx331MH15D+EKZE250Exx681MJ20S/EKZE250Exx471MJ16S,692.1782178217821,3.581,32.19068653010157,6.34e-08
EKZE250Exx331MH15D+EKZE250Exx821MJ25S/EKZE250Exx471MJ16S,705.304347826087,3.974,31.59159886301954,6.22e-08
EKZE250Exx331MJC5S+EKZE250Exx331MJC5S/EKZE250Exx471MJ16S,635.0,3.22,35.08927879191394,6.91e-08
EKZE250Exx331MJC5S+EKZE250Exx470ME11D/EKZE250Exx471MJ16S,511.1405835543767,2.454,43.59210117483257,8.59e-08
EKZE250Exx331MJC5S+EKZE250Exx471MH20D/EKZE250Exx471MJ16S,663.875,3.244,33.563083461292194,6.61e-08
EKZE250Exx331MJC5S+EKZE250Exx471MJ16S/EKZE250Exx471MJ16S,663.875,3.495,33.563083461292194,6.61e-08
EKZE250Exx331MJC5S+EKZE250Exx681MJ20S/EKZE250Exx471MJ16S,692.1782178217821,3.809,32.19068653010157,6.34e-08
EKZE250Exx331MJC5S+EKZE250Exx821MJ25S/EKZE250Exx471MJ16S,705.304347826087,4.202,31.59159886301954,6.22e-08
EKZE250Exx470ME11D+EKZE250Exx470ME11D/EKZE250Exx471MJ16S,493.5,1.689,45.150338465785914,8.89e-08
EKZE250Exx470ME11D+EKZE250Exx471MH20D/EKZE250Exx471MJ16S,512.7272727272727,2.478,43.457200773318945,8.56e-08
EKZE250Exx470ME11D+EKZE250Exx471MJ16S/EKZE250Exx471MJ16S,512.7272727272727,2.729,43.457200773318945,8.56e-08
EKZE250Exx470ME11D+EKZE250Exx681MJ20S/EKZE250Exx471MJ16S,513.961485557084,3.043,43.352843858940474,8.54e-08
EKZE250Exx470ME11D+EKZE250Exx821MJ25S/EKZE250Exx471MJ16S,514.4521337946943,3.436,43.31149696767989,8.53e-08
EKZE250Exx471MH20D+EKZE250Exx471MH20D/EKZE250Exx471MJ16S,705.0,3.267,31.605236926050143,6.23e-08
EKZE250Exx471MH20D+EKZE250Exx471MJ16S/EKZE250Exx471MJ16S,705.0,3.519,31.605236926050143,6.23e-08
EKZE250Exx471MJ16S+EKZE250Exx471MJ16S/EKZE250Exx471MJ16S,705.0,3.77,31.605236926050143,6.23e-08
EKZE250Exx101MF11D+EKZE250Exx470ME11D/EKZE250Exx681MJ20S,711.9727891156463,2.13,31.295707326879484,6.16e-08
EKZE250Exx102MK20S+EKZE250Exx470ME11D/EKZE250Exx681MJ20S,724.8901623686723,4.241,30.738025137569863,6.05e-08
EKZE250Exx152MK25S+EKZE250Exx470ME11D/EKZE250Exx681MJ20S,725.5720749838397,4.855,30.709136695154122,6.05e-08
EKZE250Exx182MK30S+EKZE250Exx470ME11D/EKZE250Exx681MJ20S,725.8040064970222,5.468,30.69932355485939,6.05e-08
EKZE250Exx182ML20S+EKZE250Exx470ME11D/EKZE250Exx681MJ20S,725.8040064970222,5.808,30.69932355485939,6.05e-08
EKZE250Exx221MHB5D+EKZE250Exx470ME11D/EKZE250Exx681MJ20S,718.7265917602996,2.365,31.001624662715216,6.11e-08
EKZE250Exx331MH15D+EKZE250Exx470ME11D/EKZE250Exx681MJ20S,721.1405835543767,2.541,30.897847855189017,6.09e-08
EKZE250Exx331MJC5S+EKZE250Exx470ME11D/EKZE250Exx681MJ20S,721.1405835543767,2.769,30.897847855189017,6.09e-08
EKZE250Exx470ME11D+EKZE250Exx470ME11D/EKZE250Exx681MJ20S,703.5,2.003,31.672625490924446,6.24e-08
EKZE250Exx470ME11D+EKZE250Exx471MH20D/EKZE250Exx681MJ20S,722.7272727272727,2.792,30.830014133524383,6.07e-08
EKZE250Exx470ME11D+EKZE250Exx471MJ16S/EKZE250Exx681MJ20S,722.7272727272727,3.043,30.830014133524383,6.07e-08
EKZE250Exx470ME11D+EKZE250Exx681MJ20S/EKZE250Exx681MJ20S,723.961485557084,3.358,30.77745498535703,6.06e-08
EKZE250Exx470ME11D+EKZE250Exx821MJ25S/EKZE250Exx681MJ20S,724.4521337946943,3.75,30.75661040040481,6.06e-08
