20000,2.00E-05,3.00E-05,0.980635
20000,2.00E-05,0.000248889,0.762913
20000,2.00E-05,0.000467778,0.760694
20000,2.00E-05,0.000686667,4.38904
20000,2.00E-05,0.000905556,5.03909
20000,2.00E-05,0.001124444,6.2035
20000,2.00E-05,0.001343333,6.78006
20000,2.00E-05,0.001562222,7.3113
20000,2.00E-05,0.001781111,7.80656
20000,2.00E-05,0.002,8.27218
20000,0.000128889,3.00E-05,0.972702
20000,0.000128889,0.000248889,0.762893
20000,0.000128889,0.000467778,0.760699
20000,0.000128889,0.000686667,4.38903
20000,0.000128889,0.000905556,5.03909
20000,0.000128889,0.001124444,6.2035
20000,0.000128889,0.001343333,6.78002
20000,0.000128889,0.001562222,7.3113
20000,0.000128889,0.001781111,7.80656
20000,0.000128889,0.002,8.27217
20000,0.000237778,3.00E-05,0.971972
20000,0.000237778,0.000248889,0.762886
20000,0.000237778,0.000467778,0.760691
20000,0.000237778,0.000686667,4.389
20000,0.000237778,0.000905556,5.03908
20000,0.000237778,0.001124444,6.20352
20000,0.000237778,0.001343333,6.78005
20000,0.000237778,0.001562222,7.31133
20000,0.000237778,0.001781111,7.80657
20000,0.000237778,0.002,8.27218
20000,0.000346667,3.00E-05,0.971725
20000,0.000346667,0.000248889,0.762905
20000,0.000346667,0.000467778,11.8732
20000,0.000346667,0.000686667,4.38901
20000,0.000346667,0.000905556,5.03906
20000,0.000346667,0.001124444,6.20349
20000,0.000346667,0.001343333,6.78004
20000,0.000346667,0.001562222,7.31134
20000,0.000346667,0.001781111,7.79158
20000,0.000346667,0.002,8.59389
20000,0.000455556,3.00E-05,0.971668
20000,0.000455556,0.000248889,0.762895
20000,0.000455556,0.000467778,0.760689
20000,0.000455556,0.000686667,4.38903
20000,0.000455556,0.000905556,5.03909
20000,0.000455556,0.001124444,6.20444
20000,0.000455556,0.001343333,6.73226
20000,0.000455556,0.001562222,8.15274
20000,0.000455556,0.001781111,9.81831
20000,0.000455556,0.002,12.1202
20000,0.000564444,3.00E-05,0.971432
20000,0.000564444,0.000248889,0.762889
20000,0.000564444,0.000467778,0.760689
20000,0.000564444,0.000686667,4.38904
20000,0.000564444,0.000905556,5.03974
20000,0.000564444,0.001124444,6.77491
20000,0.000564444,0.001343333,11.6341
20000,0.000564444,0.001562222,14.4099
20000,0.000564444,0.001781111,19.6202
20000,0.000564444,0.002,15.7257
20000,0.000673333,3.00E-05,0.971471
20000,0.000673333,0.000248889,0.762894
20000,0.000673333,0.000467778,0.760686
20000,0.000673333,0.000686667,4.38905
20000,0.000673333,0.000905556,4.96494
20000,0.000673333,0.001124444,16.3911
20000,0.000673333,0.001343333,19.9565
20000,0.000673333,0.001562222,20.4184
20000,0.000673333,0.001781111,21.1149
20000,0.000673333,0.002,23.0546
20000,0.000782222,3.00E-05,0.971374
20000,0.000782222,0.000248889,0.762905
20000,0.000782222,0.000467778,0.760688
20000,0.000782222,0.000686667,4.38969
20000,0.000782222,0.000905556,7.02634
20000,0.000782222,0.001124444,23.7064
20000,0.000782222,0.001343333,26.4565
20000,0.000782222,0.001562222,27.9364
20000,0.000782222,0.001781111,27.6594
20000,0.000782222,0.002,17.0756
20000,0.000891111,3.00E-05,0.971364
20000,0.000891111,0.000248889,0.76291
20000,0.000891111,0.000467778,0.760754
20000,0.000891111,0.000686667,64.3799
20000,0.000891111,0.000905556,22.3784
20000,0.000891111,0.001124444,35.749
20000,0.000891111,0.001343333,36.0766
20000,0.000891111,0.001562222,35.3269
20000,0.000891111,0.001781111,106.854
20000,0.000891111,0.002,20.9573
20000,0.001,3.00E-05,0.971422
20000,0.001,0.000248889,0.762909
20000,0.001,0.000467778,0.760733
20000,0.001,0.000686667,63.3918
20000,0.001,0.000905556,35.983
20000,0.001,0.001124444,43.9662
20000,0.001,0.001343333,44.8451
20000,0.001,0.001562222,27.1309
20000,0.001,0.001781111,25.6779
20000,0.001,0.002,27.219
40000,2.00E-05,3.00E-05,0.808428
40000,2.00E-05,0.000248889,0.760579
40000,2.00E-05,0.000467778,0.760036
40000,2.00E-05,0.000686667,4.38721
40000,2.00E-05,0.000905556,5.03788
40000,2.00E-05,0.001124444,6.20251
40000,2.00E-05,0.001343333,6.77927
40000,2.00E-05,0.001562222,7.31071
40000,2.00E-05,0.001781111,7.80606
40000,2.00E-05,0.002,8.27176
40000,0.000128889,3.00E-05,0.811878
40000,0.000128889,0.000248889,0.760578
40000,0.000128889,0.000467778,0.760037
40000,0.000128889,0.000686667,4.3872
40000,0.000128889,0.000905556,5.03788
40000,0.000128889,0.001124444,6.20252
40000,0.000128889,0.001343333,6.77928
40000,0.000128889,0.001562222,7.31072
40000,0.000128889,0.001781111,7.80606
40000,0.000128889,0.002,8.27176
40000,0.000237778,3.00E-05,0.812221
40000,0.000237778,0.000248889,0.760584
40000,0.000237778,0.000467778,0.760037
40000,0.000237778,0.000686667,4.38722
40000,0.000237778,0.000905556,5.03788
40000,0.000237778,0.001124444,6.20251
40000,0.000237778,0.001343333,6.77928
40000,0.000237778,0.001562222,7.31071
40000,0.000237778,0.001781111,7.80604
40000,0.000237778,0.002,8.27174
40000,0.000346667,3.00E-05,0.812332
40000,0.000346667,0.000248889,0.760583
40000,0.000346667,0.000467778,11.8732
40000,0.000346667,0.000686667,4.3872
40000,0.000346667,0.000905556,5.03786
40000,0.000346667,0.001124444,6.2025
40000,0.000346667,0.001343333,6.77927
40000,0.000346667,0.001562222,7.31072
40000,0.000346667,0.001781111,7.80552
40000,0.000346667,0.002,8.51183
40000,0.000455556,3.00E-05,0.812474
40000,0.000455556,0.000248889,0.760568
40000,0.000455556,0.000467778,0.76004
40000,0.000455556,0.000686667,4.38722
40000,0.000455556,0.000905556,5.03789
40000,0.000455556,0.001124444,6.20261
40000,0.000455556,0.001343333,6.73515
40000,0.000455556,0.001562222,8.07057
40000,0.000455556,0.001781111,9.47531
40000,0.000455556,0.002,11.722
40000,0.000564444,3.00E-05,0.812324
40000,0.000564444,0.000248889,0.760613
40000,0.000564444,0.000467778,0.760042
40000,0.000564444,0.000686667,4.38721
40000,0.000564444,0.000905556,5.0384
40000,0.000564444,0.001124444,6.18115
40000,0.000564444,0.001343333,10.3631
40000,0.000564444,0.001562222,13.1714
40000,0.000564444,0.001781111,23.0357
40000,0.000564444,0.002,15.5688
40000,0.000673333,3.00E-05,0.812572
40000,0.000673333,0.000248889,0.760584
40000,0.000673333,0.000467778,0.760024
40000,0.000673333,0.000686667,4.38726
40000,0.000673333,0.000905556,5.031
40000,0.000673333,0.001124444,14.5778
40000,0.000673333,0.001343333,20.5498
40000,0.000673333,0.001562222,20.4952
40000,0.000673333,0.001781111,21.1076
40000,0.000673333,0.002,22.5206
40000,0.000782222,3.00E-05,0.81255
40000,0.000782222,0.000248889,0.760591
40000,0.000782222,0.000467778,0.76003
40000,0.000782222,0.000686667,4.38774
40000,0.000782222,0.000905556,6.20666
40000,0.000782222,0.001124444,22.2832
40000,0.000782222,0.001343333,26.3096
40000,0.000782222,0.001562222,98.9187
40000,0.000782222,0.001781111,28.0853
40000,0.000782222,0.002,17.2914
40000,0.000891111,3.00E-05,0.8125
40000,0.000891111,0.000248889,0.760604
40000,0.000891111,0.000467778,0.760092
40000,0.000891111,0.000686667,64.4395
40000,0.000891111,0.000905556,20.2236
40000,0.000891111,0.001124444,36.51
40000,0.000891111,0.001343333,34.8617
40000,0.000891111,0.001562222,35.2959
40000,0.000891111,0.001781111,20.9365
40000,0.000891111,0.002,20.3808
40000,0.001,3.00E-05,0.812595
40000,0.001,0.000248889,0.760597
40000,0.001,0.000467778,0.760055
40000,0.001,0.000686667,4.37827
40000,0.001,0.000905556,31.452
40000,0.001,0.001124444,42.6513
40000,0.001,0.001343333,45.2836
40000,0.001,0.001562222,27.3692
40000,0.001,0.001781111,25.3067
40000,0.001,0.002,26.872
60000,2.00E-05,3.00E-05,0.78124
60000,2.00E-05,0.000248889,0.76016
60000,2.00E-05,0.000467778,0.759921
60000,2.00E-05,0.000686667,4.38687
60000,2.00E-05,0.000905556,5.03765
60000,2.00E-05,0.001124444,6.20232
60000,2.00E-05,0.001343333,6.77914
60000,2.00E-05,0.001562222,7.3106
60000,2.00E-05,0.001781111,7.80596
60000,2.00E-05,0.002,8.27168
60000,0.000128889,3.00E-05,0.782888
60000,0.000128889,0.000248889,0.760163
60000,0.000128889,0.000467778,0.75992
60000,0.000128889,0.000686667,4.38688
60000,0.000128889,0.000905556,3.70E-08
60000,0.000128889,0.001124444,6.20232
60000,0.000128889,0.001343333,6.77914
60000,0.000128889,0.001562222,7.31061
60000,0.000128889,0.001781111,7.80596
60000,0.000128889,0.002,8.27168
60000,0.000237778,3.00E-05,0.783101
60000,0.000237778,0.000248889,0.760159
60000,0.000237778,0.000467778,0.75992
60000,0.000237778,0.000686667,4.38687
60000,0.000237778,0.000905556,5.03766
60000,0.000237778,0.001124444,6.20233
60000,0.000237778,0.001343333,6.77915
60000,0.000237778,0.001562222,7.3106
60000,0.000237778,0.001781111,7.80596
60000,0.000237778,0.002,111.897
60000,0.000346667,3.00E-05,0.783111
60000,0.000346667,0.000248889,11.8731
60000,0.000346667,0.000467778,11.8732
60000,0.000346667,0.000686667,3.45E-08
60000,0.000346667,0.000905556,5.03765
60000,0.000346667,0.001124444,6.20232
60000,0.000346667,0.001343333,94.2949
60000,0.000346667,0.001562222,7.31061
60000,0.000346667,0.001781111,7.79808
60000,0.000346667,0.002,8.37729
60000,0.000455556,3.00E-05,0.783201
60000,0.000455556,0.000248889,0.760157
60000,0.000455556,0.000467778,0.759921
60000,0.000455556,0.000686667,4.38687
60000,0.000455556,0.000905556,5.03763
60000,0.000455556,0.001124444,6.20239
60000,0.000455556,0.001343333,6.74619
60000,0.000455556,0.001562222,3.05921
60000,0.000455556,0.001781111,9.37337
60000,0.000455556,0.002,11.3207
60000,0.000564444,3.00E-05,0.783254
60000,0.000564444,0.000248889,0.760168
60000,0.000564444,0.000467778,0.759913
60000,0.000564444,0.000686667,4.38687
60000,0.000564444,0.000905556,5.03796
60000,0.000564444,0.001124444,6.19298
60000,0.000564444,0.001343333,9.39495
60000,0.000564444,0.001562222,13.5789
60000,0.000564444,0.001781111,68.1146
60000,0.000564444,0.002,15.6399
60000,0.000673333,3.00E-05,0.783177
60000,0.000673333,0.000248889,0.760161
60000,0.000673333,0.000467778,0.759923
60000,0.000673333,0.000686667,4.3869
60000,0.000673333,0.000905556,5.0243
60000,0.000673333,0.001124444,30.8815
60000,0.000673333,0.001343333,20.0533
60000,0.000673333,0.001562222,20.3887
60000,0.000673333,0.001781111,21.3561
60000,0.000673333,0.002,22.548
60000,0.000782222,3.00E-05,0.783178
60000,0.000782222,0.000248889,0.760153
60000,0.000782222,0.000467778,0.759921
60000,0.000782222,0.000686667,4.38725
60000,0.000782222,0.000905556,6.25652
60000,0.000782222,0.001124444,23.1641
60000,0.000782222,0.001343333,25.9834
60000,0.000782222,0.001562222,27.5771
60000,0.000782222,0.001781111,27.8157
60000,0.000782222,0.002,17.396
60000,0.000891111,3.00E-05,0.783268
60000,0.000891111,0.000248889,0.760183
60000,0.000891111,0.000467778,0.759967
60000,0.000891111,0.000686667,4.38602
60000,0.000891111,0.000905556,72.1583
60000,0.000891111,0.001124444,36.0247
60000,0.000891111,0.001343333,34.7245
60000,0.000891111,0.001562222,35.2079
60000,0.000891111,0.001781111,20.9205
60000,0.000891111,0.002,20.6184
60000,0.001,3.00E-05,0.78331
60000,0.001,0.000248889,0.760162
60000,0.001,0.000467778,11.8297
60000,0.001,0.000686667,4.37858
60000,0.001,0.000905556,77.4525
60000,0.001,0.001124444,42.7567
60000,0.001,0.001343333,44.9327
60000,0.001,0.001562222,27.5929
60000,0.001,0.001781111,25.2316
60000,0.001,0.002,27.0373
80000,2.00E-05,3.00E-05,0.772028
80000,2.00E-05,0.000248889,0.760008
80000,2.00E-05,0.000467778,0.759876
80000,2.00E-05,0.000686667,4.38674
80000,2.00E-05,0.000905556,5.03757
80000,2.00E-05,0.001124444,6.20226
80000,2.00E-05,0.001343333,6.7791
80000,2.00E-05,0.001562222,7.31056
80000,2.00E-05,0.001781111,5.96E-08
80000,2.00E-05,0.002,8.27165
80000,0.000128889,3.00E-05,0.772784
80000,0.000128889,0.000248889,0.760016
80000,0.000128889,0.000467778,0.759876
80000,0.000128889,0.000686667,4.38675
80000,0.000128889,0.000905556,5.03756
80000,0.000128889,0.001124444,6.20227
80000,0.000128889,0.001343333,6.7791
80000,0.000128889,0.001562222,7.31056
80000,0.000128889,0.001781111,7.80594
80000,0.000128889,0.002,8.27165
80000,0.000237778,3.00E-05,0.772912
80000,0.000237778,0.000248889,0.760018
80000,0.000237778,0.000467778,0.759872
80000,0.000237778,0.000686667,4.38674
80000,0.000237778,0.000905556,5.03756
80000,0.000237778,0.001124444,6.20226
80000,0.000237778,0.001343333,94.2953
80000,0.000237778,0.001562222,7.31057
80000,0.000237778,0.001781111,9.20E-08
80000,0.000237778,0.002,8.27165
80000,0.000346667,3.00E-05,0.772914
80000,0.000346667,0.000248889,11.8731
80000,0.000346667,0.000467778,11.8732
80000,0.000346667,0.000686667,4.38675
80000,0.000346667,0.000905556,5.03757
80000,0.000346667,0.001124444,6.20227
80000,0.000346667,0.001343333,7.64E-06
80000,0.000346667,0.001562222,100.78
80000,0.000346667,0.001781111,0.00230863
80000,0.000346667,0.002,8.48818
80000,0.000455556,3.00E-05,0.772998
80000,0.000455556,0.000248889,0.760007
80000,0.000455556,0.000467778,0.759884
80000,0.000455556,0.000686667,63.851
80000,0.000455556,0.000905556,72.404
80000,0.000455556,0.001124444,6.20237
80000,0.000455556,0.001343333,6.73989
80000,0.000455556,0.001562222,7.88941
80000,0.000455556,0.001781111,9.21841
80000,0.000455556,0.002,11.3854
80000,0.000564444,3.00E-05,0.773027
80000,0.000564444,0.000248889,9.78E-07
80000,0.000564444,0.000467778,11.8691
80000,0.000564444,0.000686667,4.38675
80000,0.000564444,0.000905556,5.0379
80000,0.000564444,0.001124444,6.2142
80000,0.000564444,0.001343333,29.4329
80000,0.000564444,0.001562222,107.901
80000,0.000564444,0.001781111,19.4503
80000,0.000564444,0.002,15.5711
80000,0.000673333,3.00E-05,0.773002
80000,0.000673333,0.000248889,0.760013
80000,0.000673333,0.000467778,0.75987
80000,0.000673333,0.000686667,0.000166976
80000,0.000673333,0.000905556,70.8646
80000,0.000673333,0.001124444,30.7555
80000,0.000673333,0.001343333,19.979
80000,0.000673333,0.001562222,20.4997
80000,0.000673333,0.001781111,21.163
80000,0.000673333,0.002,22.3057
80000,0.000782222,3.00E-05,0.773079
80000,0.000782222,0.000248889,0.760006
80000,0.000782222,0.000467778,0.759891
80000,0.000782222,0.000686667,63.9801
80000,0.000782222,0.000905556,77.2165
80000,0.000782222,0.001124444,52.7421
80000,0.000782222,0.001343333,25.7569
80000,0.000782222,0.001562222,100.891
80000,0.000782222,0.001781111,27.8863
80000,0.000782222,0.002,17.4677
80000,0.000891111,3.00E-05,0.773008
80000,0.000891111,0.000248889,0.760032
80000,0.000891111,0.000467778,11.8729
80000,0.000891111,0.000686667,4.38576
80000,0.000891111,0.000905556,25.467
80000,0.000891111,0.001124444,87.1158
80000,0.000891111,0.001343333,34.4484
80000,0.000891111,0.001562222,35.163
80000,0.000891111,0.001781111,106.856
80000,0.000891111,0.002,20.5043
80000,0.001,3.00E-05,0.772969
80000,0.001,0.000248889,0.760043
80000,0.001,0.000467778,0.759882
80000,0.001,0.000686667,4.37879
80000,0.001,0.000905556,31.2479
80000,0.001,0.001124444,42.4937
80000,0.001,0.001343333,45.0992
80000,0.001,0.001562222,27.4526
80000,0.001,0.001781111,25.2004
80000,0.001,0.002,26.9195
100000,2.00E-05,3.00E-05,0.767716
100000,2.00E-05,0.000248889,0.759945
100000,2.00E-05,0.000467778,0.759858
100000,2.00E-05,0.000686667,4.38671
100000,2.00E-05,0.000905556,5.03753
100000,2.00E-05,0.001124444,6.20223
100000,2.00E-05,0.001343333,6.77906
100000,2.00E-05,0.001562222,7.31054
100000,2.00E-05,0.001781111,7.80591
100000,2.00E-05,0.002,8.27164
100000,0.000128889,3.00E-05,0.768144
100000,0.000128889,0.000248889,0.759948
100000,0.000128889,0.000467778,0.759854
100000,0.000128889,0.000686667,4.3867
100000,0.000128889,0.000905556,5.03754
100000,0.000128889,0.001124444,6.20223
100000,0.000128889,0.001343333,6.77907
100000,0.000128889,0.001562222,7.31053
100000,0.000128889,0.001781111,7.80592
100000,0.000128889,0.002,111.897
100000,0.000237778,3.00E-05,0.768145
100000,0.000237778,0.000248889,0.759954
100000,0.000237778,0.000467778,0.759858
100000,0.000237778,0.000686667,4.38669
100000,0.000237778,0.000905556,5.03753
100000,0.000237778,0.001124444,6.20222
100000,0.000237778,0.001343333,6.77906
100000,0.000237778,0.001562222,7.31055
100000,0.000237778,0.001781111,106.516
100000,0.000237778,0.002,3.95E-06
100000,0.000346667,3.00E-05,0.768244
100000,0.000346667,0.000248889,11.8731
100000,0.000346667,0.000467778,11.8732
100000,0.000346667,0.000686667,3.12E-08
100000,0.000346667,0.000905556,5.03754
100000,0.000346667,0.001124444,6.20222
100000,0.000346667,0.001343333,6.77906
100000,0.000346667,0.001562222,100.774
100000,0.000346667,0.001781111,0.00151905
100000,0.000346667,0.002,8.42281
100000,0.000455556,3.00E-05,0.768238
100000,0.000455556,0.000248889,0.759944
100000,0.000455556,0.000467778,0.759847
100000,0.000455556,0.000686667,4.38668
100000,0.000455556,0.000905556,5.03752
100000,0.000455556,0.001124444,6.20232
100000,0.000455556,0.001343333,6.75857
100000,0.000455556,0.001562222,7.86446
100000,0.000455556,0.001781111,8.97219
100000,0.000455556,0.002,11.4042
100000,0.000564444,3.00E-05,0.768212
100000,0.000564444,0.000248889,0.759945
100000,0.000564444,0.000467778,0.759849
100000,0.000564444,0.000686667,4.38671
100000,0.000564444,0.000905556,9.99E-05
100000,0.000564444,0.001124444,6.18282
100000,0.000564444,0.001343333,9.58344
100000,0.000564444,0.001562222,12.9711
100000,0.000564444,0.001781111,19.5162
100000,0.000564444,0.002,15.5896
100000,0.000673333,3.00E-05,0.768252
100000,0.000673333,0.000248889,0.759944
100000,0.000673333,0.000467778,11.8628
100000,0.000673333,0.000686667,4.38674
100000,0.000673333,0.000905556,70.8221
100000,0.000673333,0.001124444,90.0342
100000,0.000673333,0.001343333,19.7614
100000,0.000673333,0.001562222,20.5422
100000,0.000673333,0.001781111,21.1093
100000,0.000673333,0.002,22.3544
100000,0.000782222,3.00E-05,0.768263
100000,0.000782222,0.000248889,0.759946
100000,0.000782222,0.000467778,0.759859
100000,0.000782222,0.000686667,64.0126
100000,0.000782222,0.000905556,5.7532
100000,0.000782222,0.001124444,22.2911
100000,0.000782222,0.001343333,25.7556
100000,0.000782222,0.001562222,27.3174
100000,0.000782222,0.001781111,27.8425
100000,0.000782222,0.002,17.4867
100000,0.000891111,3.00E-05,0.768267
100000,0.000891111,0.000248889,0.759968
100000,0.000891111,0.000467778,11.8726
100000,0.000891111,0.000686667,64.4232
100000,0.000891111,0.000905556,23.601
100000,0.000891111,0.001124444,36.3298
100000,0.000891111,0.001343333,34.3227
100000,0.000891111,0.001562222,101.097
100000,0.000891111,0.001781111,20.8725
100000,0.000891111,0.002,120.696
100000,0.001,3.00E-05,0.76819
100000,0.001,0.000248889,0.759951
100000,0.001,0.000467778,11.9394
100000,0.001,0.000686667,65.1018
100000,0.001,0.000905556,72.0024
100000,0.001,0.001124444,42.2676
100000,0.001,0.001343333,44.8581
100000,0.001,0.001562222,27.5445
100000,0.001,0.001781111,25.328
100000,0.001,0.002,26.8268
120000,2.00E-05,3.00E-05,0.765387
120000,2.00E-05,0.000248889,0.759904
120000,2.00E-05,0.000467778,0.759848
120000,2.00E-05,0.000686667,4.38667
120000,2.00E-05,0.000905556,5.03751
120000,2.00E-05,0.001124444,6.20221
120000,2.00E-05,0.001343333,6.77906
120000,2.00E-05,0.001562222,7.31053
120000,2.00E-05,0.001781111,7.80591
120000,2.00E-05,0.002,8.27163
120000,0.000128889,3.00E-05,0.765569
120000,0.000128889,0.000248889,0.75991
120000,0.000128889,0.000467778,0.759847
120000,0.000128889,0.000686667,4.38665
120000,0.000128889,0.000905556,5.03752
120000,0.000128889,0.001124444,6.20222
120000,0.000128889,0.001343333,6.77905
120000,0.000128889,0.001562222,7.31053
120000,0.000128889,0.001781111,7.80591
120000,0.000128889,0.002,8.27163
120000,0.000237778,3.00E-05,0.765662
120000,0.000237778,0.000248889,0.759911
120000,0.000237778,0.000467778,0.759848
120000,0.000237778,0.000686667,4.38667
120000,0.000237778,0.000905556,5.03752
120000,0.000237778,0.001124444,6.20221
120000,0.000237778,0.001343333,94.2953
120000,0.000237778,0.001562222,7.31053
120000,0.000237778,0.001781111,106.515
120000,0.000237778,0.002,8.27163
120000,0.000346667,3.00E-05,0.765664
120000,0.000346667,0.000248889,0.759908
120000,0.000346667,0.000467778,0.759848
120000,0.000346667,0.000686667,4.34E-08
120000,0.000346667,0.000905556,5.03751
120000,0.000346667,0.001124444,6.20222
120000,0.000346667,0.001343333,94.2949
120000,0.000346667,0.001562222,100.667
120000,0.000346667,0.001781111,106.492
120000,0.000346667,0.002,8.37197
120000,0.000455556,3.00E-05,0.765678
120000,0.000455556,0.000248889,0.759907
120000,0.000455556,0.000467778,11.8718
120000,0.000455556,0.000686667,4.38667
120000,0.000455556,0.000905556,72.4053
120000,0.000455556,0.001124444,6.2023
120000,0.000455556,0.001343333,6.75571
120000,0.000455556,0.001562222,2.22601
120000,0.000455556,0.001781111,106.337
120000,0.000455556,0.002,11.4704
120000,0.000564444,3.00E-05,0.76566
120000,0.000564444,0.000248889,0.759908
120000,0.000564444,0.000467778,0.759847
120000,0.000564444,0.000686667,4.38667
120000,0.000564444,0.000905556,0.00056394
120000,0.000564444,0.001124444,0.0420071
120000,0.000564444,0.001343333,9.65742
120000,0.000564444,0.001562222,13.2952
120000,0.000564444,0.001781111,19.4594
120000,0.000564444,0.002,15.5768
120000,0.000673333,3.00E-05,0.76569
120000,0.000673333,0.000248889,0.759905
120000,0.000673333,0.000467778,0.759849
120000,0.000673333,0.000686667,4.3867
120000,0.000673333,0.000905556,70.8559
120000,0.000673333,0.001124444,90.0573
120000,0.000673333,0.001343333,19.5923
120000,0.000673333,0.001562222,20.4748
120000,0.000673333,0.001781111,21.1264
120000,0.000673333,0.002,22.3658
120000,0.000782222,3.00E-05,0.765666
120000,0.000782222,0.000248889,0.759914
120000,0.000782222,0.000467778,0.759855
120000,0.000782222,0.000686667,64.0008
120000,0.000782222,0.000905556,0.049387
120000,0.000782222,0.001124444,21.5372
120000,0.000782222,0.001343333,25.8912
120000,0.000782222,0.001562222,27.4062
120000,0.000782222,0.001781111,27.8885
120000,0.000782222,0.002,17.5475
120000,0.000891111,3.00E-05,0.765679
120000,0.000891111,0.000248889,0.759922
120000,0.000891111,0.000467778,11.8725
120000,0.000891111,0.000686667,4.38568
120000,0.000891111,0.000905556,12.7351
120000,0.000891111,0.001124444,36.4285
120000,0.000891111,0.001343333,34.3302
120000,0.000891111,0.001562222,35.1306
120000,0.000891111,0.001781111,20.923
120000,0.000891111,0.002,20.4787
120000,0.001,3.00E-05,0.765663
120000,0.001,0.000248889,0.759909
120000,0.001,0.000467778,0.759852
120000,0.001,0.000686667,0.010746
120000,0.001,0.000905556,30.4548
120000,0.001,0.001124444,42.3953
120000,0.001,0.001343333,44.6017
120000,0.001,0.001562222,27.5716
120000,0.001,0.001781111,25.2358
120000,0.001,0.002,26.9142
140000,2.00E-05,3.00E-05,0.763958
140000,2.00E-05,0.000248889,0.759889
140000,2.00E-05,0.000467778,0.75984
140000,2.00E-05,0.000686667,4.38665
140000,2.00E-05,0.000905556,5.0375
140000,2.00E-05,0.001124444,6.2022
140000,2.00E-05,0.001343333,6.77905
140000,2.00E-05,0.001562222,7.31052
140000,2.00E-05,0.001781111,7.8059
140000,2.00E-05,0.002,8.27163
140000,0.000128889,3.00E-05,6.07E-09
140000,0.000128889,0.000248889,0.759886
140000,0.000128889,0.000467778,0.759842
140000,0.000128889,0.000686667,4.38665
140000,0.000128889,0.000905556,5.0375
140000,0.000128889,0.001124444,6.2022
140000,0.000128889,0.001343333,6.77905
140000,0.000128889,0.001562222,7.31053
140000,0.000128889,0.001781111,7.8059
140000,0.000128889,0.002,8.27162
140000,0.000237778,3.00E-05,0.764125
140000,0.000237778,0.000248889,0.759888
140000,0.000237778,0.000467778,0.759838
140000,0.000237778,0.000686667,4.38665
140000,0.000237778,0.000905556,5.03751
140000,0.000237778,0.001124444,6.2022
140000,0.000237778,0.001343333,94.2953
140000,0.000237778,0.001562222,7.31052
140000,0.000237778,0.001781111,7.80589
140000,0.000237778,0.002,8.27162
140000,0.000346667,3.00E-05,0.764128
140000,0.000346667,0.000248889,11.8731
140000,0.000346667,0.000467778,11.8731
140000,0.000346667,0.000686667,4.38665
140000,0.000346667,0.000905556,5.03748
140000,0.000346667,0.001124444,6.20221
140000,0.000346667,0.001343333,6.77905
140000,0.000346667,0.001562222,100.829
140000,0.000346667,0.001781111,0.00115951
140000,0.000346667,0.002,112.54
140000,0.000455556,3.00E-05,0.764134
140000,0.000455556,0.000248889,0.75989
140000,0.000455556,0.000467778,0.759839
140000,0.000455556,0.000686667,4.38665
140000,0.000455556,0.000905556,72.4229
140000,0.000455556,0.001124444,6.20229
140000,0.000455556,0.001343333,0.0135227
140000,0.000455556,0.001562222,2.34319
140000,0.000455556,0.001781111,8.86465
140000,0.000455556,0.002,11.3596
140000,0.000564444,3.00E-05,0.76415
140000,0.000564444,0.000248889,0.759883
140000,0.000564444,0.000467778,0.75984
140000,0.000564444,0.000686667,1.16E-05
140000,0.000564444,0.000905556,5.0378
140000,0.000564444,0.001124444,86.234
140000,0.000564444,0.001343333,60.039
140000,0.000564444,0.001562222,13.0301
140000,0.000564444,0.001781111,107.751
140000,0.000564444,0.002,15.4719
140000,0.000673333,3.00E-05,0.764164
140000,0.000673333,0.000248889,0.759884
140000,0.000673333,0.000467778,0.759836
140000,0.000673333,0.000686667,63.8981
140000,0.000673333,0.000905556,72.7738
140000,0.000673333,0.001124444,85.1656
140000,0.000673333,0.001343333,19.3459
140000,0.000673333,0.001562222,20.4988
140000,0.000673333,0.001781111,21.1848
140000,0.000673333,0.002,22.2653
140000,0.000782222,3.00E-05,0.764138
140000,0.000782222,0.000248889,0.759888
140000,0.000782222,0.000467778,11.8497
140000,0.000782222,0.000686667,0.00158703
140000,0.000782222,0.000905556,0.172547
140000,0.000782222,0.001124444,21.8455
140000,0.000782222,0.001343333,25.857
140000,0.000782222,0.001562222,27.3331
140000,0.000782222,0.001781111,27.7988
140000,0.000782222,0.002,17.4451
140000,0.000891111,3.00E-05,0.764092
140000,0.000891111,0.000248889,0.759896
140000,0.000891111,0.000467778,0.759883
140000,0.000891111,0.000686667,64.4633
140000,0.000891111,0.000905556,73.4565
140000,0.000891111,0.001124444,85.5417
140000,0.000891111,0.001343333,34.3899
140000,0.000891111,0.001562222,35.1081
140000,0.000891111,0.001781111,20.8598
140000,0.000891111,0.002,20.3968
140000,0.001,3.00E-05,0.764133
140000,0.001,0.000248889,0.759884
140000,0.001,0.000467778,0.759843
140000,0.001,0.000686667,65.1015
140000,0.001,0.000905556,29.821
140000,0.001,0.001124444,42.2909
140000,0.001,0.001343333,94.8537
140000,0.001,0.001562222,27.514
140000,0.001,0.001781111,25.2257
140000,0.001,0.002,26.8733
160000,2.00E-05,3.00E-05,0.763002
160000,2.00E-05,0.000248889,0.759875
160000,2.00E-05,0.000467778,11.8731
160000,2.00E-05,0.000686667,4.38664
160000,2.00E-05,0.000905556,5.03749
160000,2.00E-05,0.001124444,87.2135
160000,2.00E-05,0.001343333,6.77904
160000,2.00E-05,0.001562222,7.31052
160000,2.00E-05,0.001781111,7.8059
160000,2.00E-05,0.002,8.27162
160000,0.000128889,3.00E-05,11.8731
160000,0.000128889,0.000248889,0.759869
160000,0.000128889,0.000467778,0.759836
160000,0.000128889,0.000686667,63.8533
160000,0.000128889,0.000905556,72.4194
160000,0.000128889,0.001124444,4.46E-08
160000,0.000128889,0.001343333,6.77904
160000,0.000128889,0.001562222,7.31052
160000,0.000128889,0.001781111,7.8059
160000,0.000128889,0.002,8.27162
160000,0.000237778,3.00E-05,0.763076
160000,0.000237778,0.000248889,0.75987
160000,0.000237778,0.000467778,0.759835
160000,0.000237778,0.000686667,3.26E-08
160000,0.000237778,0.000905556,5.0375
160000,0.000237778,0.001124444,6.2022
160000,0.000237778,0.001343333,94.2953
160000,0.000237778,0.001562222,7.31052
160000,0.000237778,0.001781111,7.80589
160000,0.000237778,0.002,8.27162
160000,0.000346667,3.00E-05,0.763118
160000,0.000346667,0.000248889,0.759868
160000,0.000346667,0.000467778,0.759838
160000,0.000346667,0.000686667,63.8532
160000,0.000346667,0.000905556,5.03749
160000,0.000346667,0.001124444,6.2022
160000,0.000346667,0.001343333,6.77903
160000,0.000346667,0.001562222,100.832
160000,0.000346667,0.001781111,0.00123606
160000,0.000346667,0.002,8.40063
160000,0.000455556,3.00E-05,0.763124
160000,0.000455556,0.000248889,0.759869
160000,0.000455556,0.000467778,0.759838
160000,0.000455556,0.000686667,4.38665
160000,0.000455556,0.000905556,72.4041
160000,0.000455556,0.001124444,6.20227
160000,0.000455556,0.001343333,94.3089
160000,0.000455556,0.001562222,93.4997
160000,0.000455556,0.001781111,55.273
160000,0.000455556,0.002,11.4061
160000,0.000564444,3.00E-05,0.763097
160000,0.000564444,0.000248889,0.759867
160000,0.000564444,0.000467778,0.759836
160000,0.000564444,0.000686667,4.38665
160000,0.000564444,0.000905556,0.000286666
160000,0.000564444,0.001124444,0.025828
160000,0.000564444,0.001343333,6.73448
160000,0.000564444,0.001562222,13.1046
160000,0.000564444,0.001781111,19.4403
160000,0.000564444,0.002,15.5177
160000,0.000673333,3.00E-05,0.763138
160000,0.000673333,0.000248889,0.759865
160000,0.000673333,0.000467778,0.759832
160000,0.000673333,0.000686667,4.38668
160000,0.000673333,0.000905556,70.8614
160000,0.000673333,0.001124444,8.89083
160000,0.000673333,0.001343333,19.4288
160000,0.000673333,0.001562222,20.4627
160000,0.000673333,0.001781111,21.0233
160000,0.000673333,0.002,22.295
160000,0.000782222,3.00E-05,0.763119
160000,0.000782222,0.000248889,0.759878
160000,0.000782222,0.000467778,11.8497
160000,0.000782222,0.000686667,0.00135267
160000,0.000782222,0.000905556,72.3092
160000,0.000782222,0.001124444,100.928
160000,0.000782222,0.001343333,25.846
160000,0.000782222,0.001562222,27.1858
160000,0.000782222,0.001781111,27.8295
160000,0.000782222,0.002,17.4523
160000,0.000891111,3.00E-05,0.763177
160000,0.000891111,0.000248889,0.759889
160000,0.000891111,0.000467778,11.8728
160000,0.000891111,0.000686667,64.4491
160000,0.000891111,0.000905556,59.4034
160000,0.000891111,0.001124444,87.1153
160000,0.000891111,0.001343333,104.057
160000,0.000891111,0.001562222,35.0927
160000,0.000891111,0.001781111,20.9115
160000,0.000891111,0.002,20.4729
160000,0.001,3.00E-05,0.763102
160000,0.001,0.000248889,0.759879
160000,0.001,0.000467778,11.8295
160000,0.001,0.000686667,65.1003
160000,0.001,0.000905556,30.0028
160000,0.001,0.001124444,90.5813
160000,0.001,0.001343333,44.7553
160000,0.001,0.001562222,27.5487
160000,0.001,0.001781111,25.2005
160000,0.001,0.002,26.9259
180000,2.00E-05,3.00E-05,0.762377
180000,2.00E-05,0.000248889,0.759857
180000,2.00E-05,0.000467778,11.8731
180000,2.00E-05,0.000686667,4.38663
180000,2.00E-05,0.000905556,5.03749
180000,2.00E-05,0.001124444,6.20219
180000,2.00E-05,0.001343333,94.2951
180000,2.00E-05,0.001562222,7.31052
180000,2.00E-05,0.001781111,7.80589
180000,2.00E-05,0.002,8.27162
180000,0.000128889,3.00E-05,0.762406
180000,0.000128889,0.000248889,11.8731
180000,0.000128889,0.000467778,0.759834
180000,0.000128889,0.000686667,4.38663
180000,0.000128889,0.000905556,5.03748
180000,0.000128889,0.001124444,6.2022
180000,0.000128889,0.001343333,6.77904
180000,0.000128889,0.001562222,7.31051
180000,0.000128889,0.001781111,5.65E-08
180000,0.000128889,0.002,8.27163
180000,0.000237778,3.00E-05,0.76237
180000,0.000237778,0.000248889,0.759859
180000,0.000237778,0.000467778,0.759834
180000,0.000237778,0.000686667,3.26E-08
180000,0.000237778,0.000905556,3.69E-08
180000,0.000237778,0.001124444,4.53E-08
180000,0.000237778,0.001343333,94.2953
180000,0.000237778,0.001562222,7.31052
180000,0.000237778,0.001781111,1.13E-07
180000,0.000237778,0.002,2.67E-06
180000,0.000346667,3.00E-05,0.762411
180000,0.000346667,0.000248889,0.759858
180000,0.000346667,0.000467778,0.759833
180000,0.000346667,0.000686667,3.09E-08
180000,0.000346667,0.000905556,5.0375
180000,0.000346667,0.001124444,6.20221
180000,0.000346667,0.001343333,7.34E-06
180000,0.000346667,0.001562222,7.31054
180000,0.000346667,0.001781111,0.000996336
180000,0.000346667,0.002,8.40718
180000,0.000455556,3.00E-05,0.762441
180000,0.000455556,0.000248889,0.759862
180000,0.000455556,0.000467778,0.759836
180000,0.000455556,0.000686667,1.24E-07
180000,0.000455556,0.000905556,5.03748
180000,0.000455556,0.001124444,87.2106
180000,0.000455556,0.001343333,0.0127886
180000,0.000455556,0.001562222,2.31479
180000,0.000455556,0.001781111,8.88058
180000,0.000455556,0.002,11.4284
180000,0.000564444,3.00E-05,0.762374
180000,0.000564444,0.000248889,0.759859
180000,0.000564444,0.000467778,0.75983
180000,0.000564444,0.000686667,1.23E-05
180000,0.000564444,0.000905556,0.000179519
180000,0.000564444,0.001124444,0.0633272
180000,0.000564444,0.001343333,7.13777
180000,0.000564444,0.001562222,13.2864
180000,0.000564444,0.001781111,19.4246
180000,0.000564444,0.002,15.5249
180000,0.000673333,3.00E-05,0.762393
180000,0.000673333,0.000248889,0.759861
180000,0.000673333,0.000467778,0.759833
180000,0.000673333,0.000686667,4.38668
180000,0.000673333,0.000905556,70.8519
180000,0.000673333,0.001124444,84.8641
180000,0.000673333,0.001343333,19.2521
180000,0.000673333,0.001562222,20.5175
180000,0.000673333,0.001781111,21.0018
180000,0.000673333,0.002,22.2184
180000,0.000782222,3.00E-05,0.762409
180000,0.000782222,0.000248889,0.759864
180000,0.000782222,0.000467778,0.759842
180000,0.000782222,0.000686667,64.0136
180000,0.000782222,0.000905556,70.3096
180000,0.000782222,0.001124444,21.9649
180000,0.000782222,0.001343333,25.7691
180000,0.000782222,0.001562222,27.3162
180000,0.000782222,0.001781111,27.8148
180000,0.000782222,0.002,17.4767
180000,0.000891111,3.00E-05,0.762479
180000,0.000891111,0.000248889,0.759877
180000,0.000891111,0.000467778,11.8722
180000,0.000891111,0.000686667,64.4545
180000,0.000891111,0.000905556,58.5845
180000,0.000891111,0.001124444,36.498
180000,0.000891111,0.001343333,34.3209
180000,0.000891111,0.001562222,35.0833
180000,0.000891111,0.001781111,20.852
180000,0.000891111,0.002,20.4131
180000,0.001,3.00E-05,0.762395
180000,0.001,0.000248889,0.759862
180000,0.001,0.000467778,11.9392
180000,0.001,0.000686667,65.0996
180000,0.001,0.000905556,77.5346
180000,0.001,0.001124444,42.1397
180000,0.001,0.001343333,44.5875
180000,0.001,0.001562222,27.5021
180000,0.001,0.001781111,25.2773
180000,0.001,0.002,26.8918
200000,2.00E-05,3.00E-05,0.761933
200000,2.00E-05,0.000248889,0.759853
200000,2.00E-05,0.000467778,11.8731
200000,2.00E-05,0.000686667,63.8533
200000,2.00E-05,0.000905556,5.03748
200000,2.00E-05,0.001124444,6.2022
200000,2.00E-05,0.001343333,6.77903
200000,2.00E-05,0.001562222,7.31053
200000,2.00E-05,0.001781111,7.80589
200000,2.00E-05,0.002,8.27162
200000,0.000128889,3.00E-05,11.8731
200000,0.000128889,0.000248889,0.759857
200000,0.000128889,0.000467778,0.759829
200000,0.000128889,0.000686667,4.3866
200000,0.000128889,0.000905556,5.03749
200000,0.000128889,0.001124444,6.20219
200000,0.000128889,0.001343333,6.77904
200000,0.000128889,0.001562222,7.31052
200000,0.000128889,0.001781111,7.8059
200000,0.000128889,0.002,8.27162
200000,0.000237778,3.00E-05,0.761928
200000,0.000237778,0.000248889,11.8731
200000,0.000237778,0.000467778,0.759832
200000,0.000237778,0.000686667,3.26E-08
200000,0.000237778,0.000905556,5.03749
200000,0.000237778,0.001124444,6.2022
200000,0.000237778,0.001343333,94.2953
200000,0.000237778,0.001562222,7.31052
200000,0.000237778,0.001781111,1.19E-07
200000,0.000237778,0.002,2.62E-06
200000,0.000346667,3.00E-05,6.07E-09
200000,0.000346667,0.000248889,11.8731
200000,0.000346667,0.000467778,0.759832
200000,0.000346667,0.000686667,4.33E-08
200000,0.000346667,0.000905556,5.03749
200000,0.000346667,0.001124444,87.2164
200000,0.000346667,0.001343333,7.21E-06
200000,0.000346667,0.001562222,100.817
200000,0.000346667,0.001781111,0.00110486
200000,0.000346667,0.002,111.913
200000,0.000455556,3.00E-05,6.14E-09
200000,0.000455556,0.000248889,0.759857
200000,0.000455556,0.000467778,0.759833
200000,0.000455556,0.000686667,1.85E-07
200000,0.000455556,0.000905556,72.4048
200000,0.000455556,0.001124444,6.20228
200000,0.000455556,0.001343333,0.0146799
200000,0.000455556,0.001562222,100.543
200000,0.000455556,0.001781111,6.88557
200000,0.000455556,0.002,75.2488
200000,0.000564444,3.00E-05,8.30E-09
200000,0.000564444,0.000248889,0.759854
200000,0.000564444,0.000467778,0.759833
200000,0.000564444,0.000686667,63.8574
200000,0.000564444,0.000905556,0.000173028
200000,0.000564444,0.001124444,87.4171
200000,0.000564444,0.001343333,7.01132
200000,0.000564444,0.001562222,13.0024
200000,0.000564444,0.001781111,68.6455
200000,0.000564444,0.002,15.491
200000,0.000673333,3.00E-05,2.13E-08
200000,0.000673333,0.000248889,0.759855
200000,0.000673333,0.000467778,0.759829
200000,0.000673333,0.000686667,4.38666
200000,0.000673333,0.000905556,0.0110843
200000,0.000673333,0.001124444,8.60732
200000,0.000673333,0.001343333,93.4364
200000,0.000673333,0.001562222,20.5354
200000,0.000673333,0.001781111,21.0254
200000,0.000673333,0.002,22.2535
200000,0.000782222,3.00E-05,0.761943
200000,0.000782222,0.000248889,0.759855
200000,0.000782222,0.000467778,0.759836
200000,0.000782222,0.000686667,0.0014386
200000,0.000782222,0.000905556,0.30852
200000,0.000782222,0.001124444,21.8146
200000,0.000782222,0.001343333,25.7606
200000,0.000782222,0.001562222,27.3045
200000,0.000782222,0.001781111,27.7884
200000,0.000782222,0.002,17.5134
200000,0.000891111,3.00E-05,0.761991
200000,0.000891111,0.000248889,0.759871
200000,0.000891111,0.000467778,0.759874
200000,0.000891111,0.000686667,64.4433
200000,0.000891111,0.000905556,75.4163
200000,0.000891111,0.001124444,36.5304
200000,0.000891111,0.001343333,34.3333
200000,0.000891111,0.001562222,35.1405
200000,0.000891111,0.001781111,20.8937
200000,0.000891111,0.002,20.396
200000,0.001,3.00E-05,0.761974
200000,0.001,0.000248889,0.759857
200000,0.001,0.000467778,11.9394
200000,0.001,0.000686667,0.0109563
200000,0.001,0.000905556,29.7163
200000,0.001,0.001124444,42.249
200000,0.001,0.001343333,44.6203
200000,0.001,0.001562222,27.5353
200000,0.001,0.001781111,25.2384
200000,0.001,0.002,26.8476
