20000,2.00E-05,3.00E-05,0.285957631,1.851761959
20000,2.00E-05,0.000248889,0.037258644,0.226754569
20000,2.00E-05,0.000467778,0.020475171,0.121626912
20000,2.00E-05,0.000686667,0.013508446,0.083877087
20000,2.00E-05,0.000905556,0.010483421,0.064228309
20000,2.00E-05,0.001124444,0.008541738,0.052239058
20000,2.00E-05,0.001343333,0.00678339,0.043369773
20000,2.00E-05,0.001562222,0.005991717,0.037622994
20000,2.00E-05,0.001781111,0.005308378,0.033181082
20000,2.00E-05,0.002,0.00480004,0.029721598
20000,0.000128889,3.00E-05,0.058367153,1.843176839
20000,0.000128889,0.000248889,0.007216727,0.222690523
20000,0.000128889,0.000467778,0.003866699,0.118605483
20000,0.000128889,0.000686667,0.002666689,0.082850096
20000,0.000128889,0.000905556,0.00203335,0.063015056
20000,0.000128889,0.001124444,0.001633347,0.051161155
20000,0.000128889,0.001343333,0.001375011,0.04290104
20000,0.000128889,0.001562222,0.00115001,0.036957197
20000,0.000128889,0.001781111,0.001016675,0.032566036
20000,0.000128889,0.002,0.000908341,0.029030426
20000,0.000237778,3.00E-05,0.034158618,1.846649476
20000,0.000237778,0.000248889,0.004141701,0.222718183
20000,0.000237778,0.000467778,0.002200018,0.118641242
20000,0.000237778,0.000686667,0.001583347,0.08270177
20000,0.000237778,0.000905556,0.001166676,0.062907589
20000,0.000237778,0.001124444,0.000950008,0.051058385
20000,0.000237778,0.001343333,0.000816673,0.042910603
20000,0.000237778,0.001562222,0.000666672,0.036976441
20000,0.000237778,0.001781111,0.000608338,0.03252008
20000,0.000237778,0.002,0.000525004,0.029019516
20000,0.000346667,3.00E-05,0.0239754,1.844630017
20000,0.000346667,0.000248889,0.002975025,0.222581097
20000,0.000346667,0.000467778,0.000128604,0.000116157
20000,0.000346667,0.000686667,0.001191677,0.082829655
20000,0.000346667,0.000905556,0.00080834,0.062876249
20000,0.000346667,0.001124444,0.000683339,0.050969091
20000,0.000346667,0.001343333,0.000566671,0.042898572
20000,0.000346667,0.001562222,0.000541667,0.037121442
20000,0.000346667,0.001781111,0.028193422,0.058167973
20000,0.000346667,0.002,0.69754176,1.384066254
20000,0.000455556,3.00E-05,0.019000158,1.845130916
20000,0.000455556,0.000248889,0.002333353,0.222515983
20000,0.000455556,0.000467778,0.001275011,0.118438383
20000,0.000455556,0.000686667,0.000908341,0.082765512
20000,0.000455556,0.000905556,0.000658339,0.062932889
20000,0.000455556,0.001124444,0.001899968,0.054740993
20000,0.000455556,0.001343333,0.149725651,0.382496676
20000,0.000455556,0.001562222,1.218892151,2.436007491
20000,0.000455556,0.001781111,1.445308507,2.618640145
20000,0.000455556,0.002,1.448805869,2.581710591
20000,0.000564444,3.00E-05,0.015750263,1.845892751
20000,0.000564444,0.000248889,0.001908349,0.222414349
20000,0.000564444,0.000467778,0.001100009,0.118608616
20000,0.000564444,0.000686667,0.00078334,0.082773771
20000,0.000564444,0.000905556,0.001508321,0.065067488
20000,0.000564444,0.001124444,0.411402793,1.790398366
20000,0.000564444,0.001343333,1.771126313,3.782657705
20000,0.000564444,0.001562222,1.860451108,3.496521728
20000,0.000564444,0.001781111,1.855665029,2.794611295
20000,0.000564444,0.002,2.072913653,3.317274698
20000,0.000673333,3.00E-05,0.012991991,1.843617758
20000,0.000673333,0.000248889,0.001675014,0.222643128
20000,0.000673333,0.000467778,0.000925008,0.11847961
20000,0.000673333,0.000686667,0.0007,0.083011814
20000,0.000673333,0.000905556,0.130284003,0.25692158
20000,0.000673333,0.001124444,2.006691143,4.41805636
20000,0.000673333,0.001343333,1.98660054,4.031131441
20000,0.000673333,0.001562222,2.468101917,4.133800586
20000,0.000673333,0.001781111,2.267304099,3.669814941
20000,0.000673333,0.002,2.58932761,3.558589074
20000,0.000782222,3.00E-05,0.011908631,1.844480722
20000,0.000782222,0.000248889,0.001466679,0.222671453
20000,0.000782222,0.000467778,0.000808333,0.118525384
20000,0.000782222,0.000686667,0.001475025,0.084058185
20000,0.000782222,0.000905556,1.322113875,3.724895719
20000,0.000782222,0.001124444,2.352252018,5.529217235
20000,0.000782222,0.001343333,2.786331512,5.154314273
20000,0.000782222,0.001562222,2.625086276,4.188657248
20000,0.000782222,0.001781111,3.086549889,4.290573599
20000,0.000782222,0.002,3.44940021,6.694485392
20000,0.000891111,3.00E-05,0.010517017,1.844329934
20000,0.000891111,0.000248889,0.001358345,0.222744623
20000,0.000891111,0.000467778,0.001100009,0.118935881
20000,0.000891111,0.000686667,0.106409442,0.192152457
20000,0.000891111,0.000905556,2.834441503,8.6125266
20000,0.000891111,0.001124444,3.060848705,5.804371161
20000,0.000891111,0.001343333,2.855729567,4.823373496
20000,0.000891111,0.001562222,3.749405572,5.173217098
20000,0.000891111,0.001781111,0.020318101,0.010571833
20000,0.000891111,0.002,2.914941542,7.060044002
20000,0.001,3.00E-05,0.009558413,1.845277269
20000,0.001,0.000248889,0.001366689,0.22278329
20000,0.001,0.000467778,0.001208374,0.120902318
20000,0.001,0.000686667,0.120749219,0.315293713
20000,0.001,0.000905556,2.803244977,7.051374079
20000,0.001,0.001124444,3.081533539,6.204540203
20000,0.001,0.001343333,3.55182334,5.097581539
20000,0.001,0.001562222,4.724832732,11.78360373
20000,0.001,0.001781111,3.274214834,9.547332369
20000,0.001,0.002,2.54697033,5.666258225
40000,2.00E-05,3.00E-05,0.24786453,0.91055489
40000,2.00E-05,0.000248889,0.031350261,0.113553043
40000,2.00E-05,0.000467778,0.01682514,0.060474058
40000,2.00E-05,0.000686667,0.011416762,0.042128807
40000,2.00E-05,0.000905556,0.008608405,0.032076618
40000,2.00E-05,0.001124444,0.006950058,0.025980538
40000,2.00E-05,0.001343333,0.005833382,0.021885497
40000,2.00E-05,0.001562222,0.005008375,0.018870683
40000,2.00E-05,0.001781111,0.00440837,0.016596583
40000,2.00E-05,0.002,0.003908366,0.01482151
40000,0.000128889,3.00E-05,0.049792082,0.927095518
40000,0.000128889,0.000248889,0.006241719,0.112948208
40000,0.000128889,0.000467778,0.003300028,0.059976147
40000,0.000128889,0.000686667,0.002225019,0.041864231
40000,0.000128889,0.000905556,0.001700014,0.031839784
40000,0.000128889,0.001124444,0.001358345,0.025777537
40000,0.000128889,0.001343333,0.00115001,0.021683678
40000,0.000128889,0.001562222,0.000958341,0.018668867
40000,0.000128889,0.001781111,0.00085834,0.01643102
40000,0.000128889,0.002,0.00075834,0.014648717
40000,0.000237778,3.00E-05,0.028633572,0.932185797
40000,0.000237778,0.000248889,0.003666697,0.113007007
40000,0.000237778,0.000467778,0.001916683,0.059901302
40000,0.000237778,0.000686667,0.001258344,0.041736045
40000,0.000237778,0.000905556,0.000950008,0.03179145
40000,0.000237778,0.001124444,0.00078334,0.025794485
40000,0.000237778,0.001343333,0.000675006,0.021706663
40000,0.000237778,0.001562222,0.000541671,0.018606056
40000,0.000237778,0.001781111,0.000491671,0.01640929
40000,0.000237778,0.002,0.000425004,0.01466686
40000,0.000346667,3.00E-05,0.020958508,0.932495366
40000,0.000346667,0.000248889,0.002675022,0.112955185
40000,0.000346667,0.000467778,0.000126496,0.000116157
40000,0.000346667,0.000686667,0.000900008,0.041716813
40000,0.000346667,0.000905556,0.000691672,0.031769777
40000,0.000346667,0.001124444,0.000558338,0.025777568
40000,0.000346667,0.001343333,0.000483337,0.021651079
40000,0.000346667,0.001562222,0.000383337,0.018633826
40000,0.000346667,0.001781111,0.002300192,0.023512722
40000,0.000346667,0.002,0.440207647,0.632294147
40000,0.000455556,3.00E-05,0.015616927,0.932653212
40000,0.000455556,0.000248889,0.002066684,0.112810065
40000,0.000455556,0.000467778,0.001100009,0.060048575
40000,0.000455556,0.000686667,0.000691672,0.041653929
40000,0.000455556,0.000905556,0.000558338,0.031799908
40000,0.000455556,0.001124444,0.000541667,0.026188183
40000,0.000455556,0.001343333,0.081056785,0.103073847
40000,0.000455556,0.001562222,0.997631683,2.123886172
40000,0.000455556,0.001781111,1.328711302,2.533389953
40000,0.000455556,0.002,1.411295839,2.500802014
40000,0.000564444,3.00E-05,0.013300443,0.933575269
40000,0.000564444,0.000248889,0.001750015,0.112974614
40000,0.000564444,0.000467778,0.000900008,0.060035211
40000,0.000564444,0.000686667,0.000591672,0.041728896
40000,0.000564444,0.000905556,0.0012,0.033114111
40000,0.000564444,0.001124444,0.117282362,0.396634045
40000,0.000564444,0.001343333,1.63001907,3.493104328
40000,0.000564444,0.001562222,1.784236486,3.598437065
40000,0.000564444,0.001781111,2.411549586,3.308227909
40000,0.000564444,0.002,2.057656031,3.29003199
40000,0.000673333,3.00E-05,0.010966575,0.933374496
40000,0.000673333,0.000248889,0.001475012,0.112768963
40000,0.000673333,0.000467778,0.000775006,0.059933154
40000,0.000673333,0.000686667,0.000533338,0.041900228
40000,0.000673333,0.000905556,0.009852217,0.065015248
40000,0.000673333,0.001124444,2.043900765,4.705381302
40000,0.000673333,0.001343333,2.01522662,3.905793446
40000,0.000673333,0.001562222,2.431119862,4.027192192
40000,0.000673333,0.001781111,2.270640151,3.673537754
40000,0.000673333,0.002,2.432374239,3.441894187
40000,0.000782222,3.00E-05,0.009808497,0.933854688
40000,0.000782222,0.000248889,0.001316667,0.112896502
40000,0.000782222,0.000467778,0.000683339,0.060032021
40000,0.000782222,0.000686667,0.001150019,0.042757029
40000,0.000782222,0.000905556,0.944452708,1.746680755
40000,0.000782222,0.001124444,2.247053268,5.507664149
40000,0.000782222,0.001343333,2.776088943,5.121788039
40000,0.000782222,0.001562222,0.161401959,0.105407208
40000,0.000782222,0.001781111,3.055659811,4.222727905
40000,0.000782222,0.002,3.421437025,6.362388982
40000,0.000891111,3.00E-05,0.008733479,0.933505085
40000,0.000891111,0.000248889,0.001116676,0.1126806
40000,0.000891111,0.000467778,0.000891674,0.06031713
40000,0.000891111,0.000686667,0.036955816,0.092986295
40000,0.000891111,0.000905556,2.385003789,6.307741041
40000,0.000891111,0.001124444,2.957475535,5.445517369
40000,0.000891111,0.001343333,2.812715906,4.874993315
40000,0.000891111,0.001562222,3.52918885,4.902754544
40000,0.000891111,0.001781111,3.955296777,8.848121875
40000,0.000891111,0.002,2.935517319,7.206935016
40000,0.001,3.00E-05,0.007775,0.934231115
40000,0.001,0.000248889,0.001133352,0.112896093
40000,0.001,0.000467778,0.001100037,0.062299115
40000,0.001,0.000686667,0.010599293,0.063950823
40000,0.001,0.000905556,2.632758176,7.662668208
40000,0.001,0.001124444,3.059239548,6.405677069
40000,0.001,0.001343333,3.588174623,5.124072684
40000,0.001,0.001562222,4.668878427,10.63088211
40000,0.001,0.001781111,3.276197098,9.643145255
40000,0.001,0.002,2.54780533,5.745606936
60000,2.00E-05,3.00E-05,0.247026959,0.609509355
60000,2.00E-05,0.000248889,0.031383595,0.076167863
60000,2.00E-05,0.000467778,0.01675014,0.040591797
60000,2.00E-05,0.000686667,0.011441762,0.028249837
60000,2.00E-05,0.000905556,0.008708406,0.021576162
60000,2.00E-05,0.001124444,0.006991725,0.017446048
60000,2.00E-05,0.001343333,0.005858382,0.014668068
60000,2.00E-05,0.001562222,0.005041709,0.012653746
60000,2.00E-05,0.001781111,0.004425037,0.011136084
60000,2.00E-05,0.002,0.003933366,0.009884229
60000,0.000128889,3.00E-05,0.048375806,0.626223288
60000,0.000128889,0.000248889,0.005850049,0.075686943
60000,0.000128889,0.000467778,0.003125026,0.040321129
60000,0.000128889,0.000686667,0.002141685,0.028213553
60000,0.000128889,0.000905556,0.000623521,-0.000624324
60000,0.000128889,0.001124444,0.001300011,0.017333672
60000,0.000128889,0.001343333,0.001108343,0.014612485
60000,0.000128889,0.001562222,0.000958341,0.012617496
60000,0.000128889,0.001781111,0.000825007,0.0111095
60000,0.000128889,0.002,0.000733339,0.009856449
60000,0.000237778,3.00E-05,0.027799768,0.62575656
60000,0.000237778,0.000248889,0.003275027,0.07584421
60000,0.000237778,0.000467778,0.001783348,0.040330795
60000,0.000237778,0.000686667,0.001233344,0.028215969
60000,0.000237778,0.000905556,0.000933341,0.021524177
60000,0.000237778,0.001124444,0.000741673,0.017359047
60000,0.000237778,0.001343333,0.000633339,0.014645092
60000,0.000237778,0.001562222,0.000541671,0.012621136
60000,0.000237778,0.001781111,0.000466671,0.01105875
60000,0.000237778,0.002,0.000480369,0.0001117
60000,0.000346667,3.00E-05,0.019266988,0.627625342
60000,0.000346667,0.000248889,0.000841197,5.20E-05
60000,0.000346667,0.000467778,0.001309232,0.000116157
60000,0.000346667,0.000686667,60.17371775,-0.97711388
60000,0.000346667,0.000905556,0.000650005,0.021479468
60000,0.000346667,0.001124444,0.000516671,0.01733488
60000,0.000346667,0.001343333,0.000683771,1.62E-05
60000,0.000346667,0.001562222,0.000400003,0.01265133
60000,0.000346667,0.001781111,0.012475624,0.030610802
60000,0.000346667,0.002,0.135131535,0.263157832
60000,0.000455556,3.00E-05,0.014975125,0.626690608
60000,0.000455556,0.000248889,0.001808348,0.075820135
60000,0.000455556,0.000467778,0.000983342,0.040370671
60000,0.000455556,0.000686667,0.000650005,0.028104802
60000,0.000455556,0.000905556,0.000525004,0.021455354
60000,0.000455556,0.001124444,0.000458333,0.017540192
60000,0.000455556,0.001343333,0.055370469,0.074969807
60000,0.000455556,0.001562222,3.690043041,6.388147931
60000,0.000455556,0.001781111,1.320075451,2.495888784
60000,0.000455556,0.002,1.407690074,2.420759563
60000,0.000564444,3.00E-05,0.012658122,0.630194985
60000,0.000564444,0.000248889,0.001516679,0.075915044
60000,0.000564444,0.000467778,0.000800007,0.040268156
60000,0.000564444,0.000686667,0.000550005,0.028124169
60000,0.000564444,0.000905556,0.000816667,0.022473254
60000,0.000564444,0.001124444,0.119754418,0.429997059
60000,0.000564444,0.001343333,1.5412934,3.363837082
60000,0.000564444,0.001562222,1.775986662,3.57153714
60000,0.000564444,0.001781111,1.78422692,1.801254749
60000,0.000564444,0.002,2.05975126,3.297286802
60000,0.000673333,3.00E-05,0.010792116,0.628970299
60000,0.000673333,0.000248889,0.001275011,0.075607283
60000,0.000673333,0.000467778,0.000683339,0.04035733
60000,0.000673333,0.000686667,0.000500004,0.028313776
60000,0.000673333,0.000905556,0.018655597,0.074576443
60000,0.000673333,0.001124444,3.248667683,3.799932676
60000,0.000673333,0.001343333,2.004697262,3.964247555
60000,0.000673333,0.001562222,2.43146889,4.013073871
60000,0.000673333,0.001781111,2.303549478,3.681677507
60000,0.000673333,0.002,2.417296148,3.429228429
60000,0.000782222,3.00E-05,0.009099924,0.629448102
60000,0.000782222,0.000248889,0.001116676,0.075819202
60000,0.000782222,0.000467778,0.000633339,0.040417796
60000,0.000782222,0.000686667,0.000991683,0.029133076
60000,0.000782222,0.000905556,0.994498629,2.043323769
60000,0.000782222,0.001124444,2.269046803,5.492186711
60000,0.000782222,0.001343333,2.765930677,5.052430425
60000,0.000782222,0.001562222,2.565237521,4.170360656
60000,0.000782222,0.001781111,3.039513779,4.231200716
60000,0.000782222,0.002,3.408163935,6.247498188
60000,0.000891111,3.00E-05,0.008316944,0.62907796
60000,0.000891111,0.000248889,0.001083342,0.075675153
60000,0.000891111,0.000467778,0.000825007,0.040728318
60000,0.000891111,0.000686667,0.001683446,0.035313595
60000,0.000891111,0.000905556,0.016297368,0.018255889
60000,0.000891111,0.001124444,2.977355716,5.517131375
60000,0.000891111,0.001343333,2.807097572,4.881244439
60000,0.000891111,0.001562222,3.543603866,4.926002046
60000,0.000891111,0.001781111,3.935775839,8.565462665
60000,0.000891111,0.002,2.930855102,7.156368738
60000,0.001,3.00E-05,0.007583523,0.629780041
60000,0.001,0.000248889,0.001075027,0.076316581
60000,0.001,0.000467778,0.044147217,0.130619647
60000,0.001,0.000686667,0.009866009,0.048728155
60000,0.001,0.000905556,1.9857085,2.934080637
60000,0.001,0.001124444,3.056470203,6.36268979
60000,0.001,0.001343333,3.598577657,5.148750048
60000,0.001,0.001562222,4.666570507,10.44320122
60000,0.001,0.001781111,3.29450688,9.711578046
60000,0.001,0.002,2.545803476,5.715953381
80000,2.00E-05,3.00E-05,0.239858333,0.463800355
80000,2.00E-05,0.000248889,0.030283586,0.057913644
80000,2.00E-05,0.000467778,0.016191802,0.030905773
80000,2.00E-05,0.000686667,0.011108426,0.021513354
80000,2.00E-05,0.000905556,0.00840007,0.016273936
80000,2.00E-05,0.001124444,0.00678339,0.01319025
80000,2.00E-05,0.001343333,0.005708381,0.011094986
80000,2.00E-05,0.001562222,0.004916708,0.009625656
80000,2.00E-05,0.001781111,7.746512007,-8.521288527
80000,2.00E-05,0.002,0.003833365,0.007485681
80000,0.000128889,3.00E-05,0.047459915,0.472212958
80000,0.000128889,0.000248889,0.005816715,0.05767653
80000,0.000128889,0.000467778,0.003191693,0.030890065
80000,0.000128889,0.000686667,0.002116684,0.021376785
80000,0.000128889,0.000905556,0.001600013,0.01620508
80000,0.000128889,0.001124444,0.001283344,0.013215625
80000,0.000128889,0.001343333,0.001091676,0.011094986
80000,0.000128889,0.001562222,0.000975008,0.009566447
80000,0.000128889,0.001781111,0.000816673,0.008399178
80000,0.000128889,0.002,0.000725006,0.007462723
80000,0.000237778,3.00E-05,0.026516888,0.473486107
80000,0.000237778,0.000248889,0.00325836,0.057623293
80000,0.000237778,0.000467778,0.001850015,0.030923973
80000,0.000237778,0.000686667,0.001191677,0.021357478
80000,0.000237778,0.000905556,0.000891674,0.016185746
80000,0.000237778,0.001124444,0.000716673,0.013178166
80000,0.000237778,0.001343333,0.000265911,6.48E-06
80000,0.000237778,0.001562222,0.000566671,0.009624436
80000,0.000237778,0.001781111,-16.28022807,-2.402414385
80000,0.000237778,0.002,0.000400003,0.007422838
80000,0.000346667,3.00E-05,0.018908491,0.474870765
80000,0.000346667,0.000248889,4.01E-05,6.42E-05
80000,0.000346667,0.000467778,0.000128604,0.000116157
80000,0.000346667,0.000686667,0.000841674,0.021377994
80000,0.000346667,0.000905556,0.000625005,0.01620508
80000,0.000346667,0.001124444,0.000508338,0.013170916
80000,0.000346667,0.001343333,28.96135257,10.40970394
80000,0.000346667,0.001562222,0.023935663,0.017111931
80000,0.000346667,0.001781111,23.57340065,-78.70267182
80000,0.000346667,0.002,0.298014427,0.364694849
80000,0.000455556,3.00E-05,0.014625,0.475526647
80000,0.000455556,0.000248889,0.001866682,0.057673253
80000,0.000455556,0.000467778,0.000983342,0.030766665
80000,0.000455556,0.000686667,0.000423763,0.000259707
80000,0.000455556,0.000905556,0.003863677,0.002823895
80000,0.000455556,0.001124444,0.000508333,0.013492221
80000,0.000455556,0.001343333,0.072497066,0.08224157
80000,0.000455556,0.001562222,0.935682702,2.049940423
80000,0.000455556,0.001781111,1.289716971,2.467732021
80000,0.000455556,0.002,1.418358501,2.41457438
80000,0.000564444,3.00E-05,0.011883432,0.473778459
80000,0.000564444,0.000248889,35.30181974,-63.54809398
80000,0.000564444,0.000467778,0.004995911,0.007270237
80000,0.000564444,0.000686667,0.000541671,0.021374343
80000,0.000564444,0.000905556,0.000858333,0.01729444
80000,0.000564444,0.001124444,0.124702507,0.49133495
80000,0.000564444,0.001343333,2.938752048,3.216588815
80000,0.000564444,0.001562222,0.562468145,0.19824348
80000,0.000564444,0.001781111,1.810943473,2.76045238
80000,0.000564444,0.002,2.056212945,3.288099325
80000,0.000673333,3.00E-05,0.010075084,0.473915003
80000,0.000673333,0.000248889,0.001283344,0.057681502
80000,0.000673333,0.000467778,0.000733339,0.030768171
80000,0.000673333,0.000686667,-16.42604701,646.0137466
80000,0.000673333,0.000905556,0.162793047,0.108376147
80000,0.000673333,0.001124444,3.227151498,3.771202896
80000,0.000673333,0.001343333,2.011425488,3.972174529
80000,0.000673333,0.001562222,2.423314882,3.981857925
80000,0.000673333,0.001781111,2.277293102,3.669976129
80000,0.000673333,0.002,2.385902122,3.414809009
80000,0.000782222,3.00E-05,0.008825074,0.4753311
80000,0.000782222,0.000248889,0.001091676,0.057593502
80000,0.000782222,0.000467778,0.000675,0.030970725
80000,0.000782222,0.000686667,0.027466947,0.063697633
80000,0.000782222,0.000905556,1.234313969,1.331651546
80000,0.000782222,0.001124444,3.318241819,3.803827887
80000,0.000782222,0.001343333,2.730092335,4.956623591
80000,0.000782222,0.001562222,0.006759319,0.008749675
80000,0.000782222,0.001781111,2.99721873,4.179319159
80000,0.000782222,0.002,3.400882128,6.188110188
80000,0.000891111,3.00E-05,0.007833399,0.475723768
80000,0.000891111,0.000248889,0.001025009,0.057579306
80000,0.000891111,0.000467778,0.01916034,0.049356827
80000,0.000891111,0.000686667,0.001775133,0.029530373
80000,0.000891111,0.000905556,3.055767997,5.96811518
80000,0.000891111,0.001124444,0.016289436,0.021285925
80000,0.000891111,0.001343333,2.800425424,4.893554613
80000,0.000891111,0.001562222,3.478784576,4.859067116
80000,0.000891111,0.001781111,0.020344959,0.01052274
80000,0.000891111,0.002,2.925482575,7.162918799
80000,0.001,3.00E-05,0.006966841,0.475767774
80000,0.001,0.000248889,0.001016684,0.057717845
80000,0.001,0.000467778,0.000983366,0.032558668
80000,0.001,0.000686667,0.009491034,0.040850339
80000,0.001,0.000905556,2.594933386,7.514367834
80000,0.001,0.001124444,3.049051553,6.346219704
80000,0.001,0.001343333,3.601051094,5.149476745
80000,0.001,0.001562222,4.660920866,10.55136622
80000,0.001,0.001781111,3.291694056,9.71174074
80000,0.001,0.002,2.549569861,5.742428648
100000,2.00E-05,3.00E-05,0.228608333,0.37917576
100000,2.00E-05,0.000248889,0.028541905,0.047207521
100000,2.00E-05,0.000467778,0.015216793,0.025106908
100000,2.00E-05,0.000686667,0.010541755,0.017525756
100000,2.00E-05,0.000905556,0.007950066,0.013185432
100000,2.00E-05,0.001124444,0.006425054,0.01070108
100000,2.00E-05,0.001343333,0.005400045,0.009048068
100000,2.00E-05,0.001562222,0.004658372,0.00775634
100000,2.00E-05,0.001781111,0.004116701,0.006865801
100000,2.00E-05,0.002,0.003658364,0.006150455
100000,0.000128889,3.00E-05,0.047900399,0.383769741
100000,0.000128889,0.000248889,0.005908383,0.046670904
100000,0.000128889,0.000467778,0.00320836,0.02482908
100000,0.000128889,0.000686667,0.002125018,0.017343317
100000,0.000128889,0.000905556,0.001575013,0.013116557
100000,0.000128889,0.001124444,0.001275011,0.010647913
100000,0.000128889,0.001343333,0.001075009,0.008965901
100000,0.000128889,0.001562222,0.000916674,0.007694724
100000,0.000128889,0.001781111,0.000816673,0.006822301
100000,0.000128889,0.002,9.97E-05,8.21E-05
100000,0.000237778,3.00E-05,0.026925898,0.384999094
100000,0.000237778,0.000248889,0.003266694,0.046657443
100000,0.000237778,0.000467778,0.001825015,0.024824156
100000,0.000237778,0.000686667,0.001233344,0.017316755
100000,0.000237778,0.000905556,0.000875007,0.01304889
100000,0.000237778,0.001124444,0.000708339,0.01063583
100000,0.000237778,0.001343333,0.000600005,0.008935692
100000,0.000237778,0.001562222,0.000508338,0.007677798
100000,0.000237778,0.001781111,0.000153413,5.56E-05
100000,0.000237778,0.002,14.94148211,23.61653075
100000,0.000346667,3.00E-05,0.018825314,0.385979963
100000,0.000346667,0.000248889,4.01E-05,6.42E-05
100000,0.000346667,0.000467778,0.000128604,0.000116157
100000,0.000346667,0.000686667,51.71218164,-0.902648496
100000,0.000346667,0.000905556,0.000616672,0.013122583
100000,0.000346667,0.001124444,0.000500004,0.010663622
100000,0.000346667,0.001343333,0.000425004,0.008947775
100000,0.000346667,0.001562222,0.023723577,0.016728395
100000,0.000346667,0.001781111,-46.9574409,-6.045905746
100000,0.000346667,0.002,0.202062783,0.290727066
100000,0.000455556,3.00E-05,0.014716912,0.385488928
100000,0.000455556,0.000248889,0.001758348,0.046513988
100000,0.000455556,0.000467778,0.001025009,0.024815878
100000,0.000455556,0.000686667,0.000650005,0.017327651
100000,0.000455556,0.000905556,0.000483337,0.013062197
100000,0.000455556,0.001124444,0.000491667,0.010931794
100000,0.000455556,0.001343333,0.030143425,0.056326795
100000,0.000455556,0.001562222,0.917906329,2.022574786
100000,0.000455556,0.001781111,1.283540359,2.442325066
100000,0.000455556,0.002,1.404198726,2.395943805
100000,0.000564444,3.00E-05,0.0120251,0.385503821
100000,0.000564444,0.000248889,0.001475012,0.046796684
100000,0.000564444,0.000467778,0.00078334,0.024734888
100000,0.000564444,0.000686667,0.000550005,0.017278067
100000,0.000564444,0.000905556,25.46741665,-30.39681206
100000,0.000564444,0.001124444,0.107269165,0.354299435
100000,0.000564444,0.001343333,1.592333097,3.437675204
100000,0.000564444,0.001562222,1.778552281,3.615792574
100000,0.000564444,0.001781111,1.838204135,2.781716081
100000,0.000564444,0.002,2.061783417,3.296403268
100000,0.000673333,3.00E-05,0.010183418,0.387089251
100000,0.000673333,0.000248889,0.00120001,0.046562322
100000,0.000673333,0.000467778,0.00521902,0.010137615
100000,0.000673333,0.000686667,0.000483333,0.017476172
100000,0.000673333,0.000905556,0.160562204,0.111732654
100000,0.000673333,0.001124444,0.224657522,0.415647377
100000,0.000673333,0.001343333,2.00699351,4.004300409
100000,0.000673333,0.001562222,2.405763182,3.927350487
100000,0.000673333,0.001781111,2.281029036,3.680186188
100000,0.000673333,0.002,2.391456603,3.417548341
100000,0.000782222,3.00E-05,0.008633477,0.385607623
100000,0.000782222,0.000248889,0.001083342,0.046568308
100000,0.000782222,0.000467778,0.000591672,0.024756489
100000,0.000782222,0.000686667,0.027004348,0.064102442
100000,0.000782222,0.000905556,0.579256003,1.100611659
100000,0.000782222,0.001124444,2.258428286,5.607570543
100000,0.000782222,0.001343333,2.729203752,4.949258649
100000,0.000782222,0.001562222,2.546506856,4.173995121
100000,0.000782222,0.001781111,3.012295347,4.199083775
100000,0.000782222,0.002,3.385767351,6.112288864
100000,0.000891111,3.00E-05,0.007925066,0.386130371
100000,0.000891111,0.000248889,0.000966675,0.046525341
100000,0.000891111,0.000467778,0.019223479,0.049430646
100000,0.000891111,0.000686667,0.035955839,0.094420669
100000,0.000891111,0.000905556,2.930731801,5.723700228
100000,0.000891111,0.001124444,2.957860233,5.461929944
100000,0.000891111,0.001343333,2.790111698,4.903176903
100000,0.000891111,0.001562222,0.0156027,0.013660306
100000,0.000891111,0.001781111,3.937479124,8.61377753
100000,0.000891111,0.002,0.161023295,0.307763624
100000,0.001,3.00E-05,0.007183453,0.386612514
100000,0.001,0.000248889,0.001033351,0.046918557
100000,0.001,0.000467778,0.023940498,0.070292517
100000,0.001,0.000686667,0.079716745,0.118254195
100000,0.001,0.000905556,0.028760046,0.025112506
100000,0.001,0.001124444,3.052029325,6.405602612
100000,0.001,0.001343333,3.566392987,5.132825201
100000,0.001,0.001562222,4.668847812,10.50773906
100000,0.001,0.001781111,3.289115587,9.674945935
100000,0.001,0.002,2.550898444,5.760336643
120000,2.00E-05,3.00E-05,0.212973225,0.321238302
120000,2.00E-05,0.000248889,0.026675222,0.0395286
120000,2.00E-05,0.000467778,0.014175118,0.021019091
120000,2.00E-05,0.000686667,0.009766748,0.014614901
120000,2.00E-05,0.000905556,0.007408395,0.011124
120000,2.00E-05,0.001124444,0.005966716,0.008975567
120000,2.00E-05,0.001343333,0.005066709,0.007571464
120000,2.00E-05,0.001562222,0.00440837,0.006654342
120000,2.00E-05,0.001781111,0.003858365,0.005813335
120000,2.00E-05,0.002,0.003400028,0.00512458
120000,0.000128889,3.00E-05,0.046876172,0.322066975
120000,0.000128889,0.000248889,0.005783382,0.039113996
120000,0.000128889,0.000467778,0.003058359,0.020802823
120000,0.000128889,0.000686667,0.002083351,0.014471126
120000,0.000128889,0.000905556,0.001608347,0.011076861
120000,0.000128889,0.001124444,0.00125001,0.008918775
120000,0.000128889,0.001343333,0.001066676,0.007517098
120000,0.000128889,0.001562222,0.000975008,0.006544382
120000,0.000128889,0.001781111,0.000825007,0.005727543
120000,0.000128889,0.002,0.000716673,0.005091949
120000,0.000237778,3.00E-05,0.02637544,0.32380324
120000,0.000237778,0.000248889,0.003191693,0.038985865
120000,0.000237778,0.000467778,0.001700014,0.020752047
120000,0.000237778,0.000686667,0.001166676,0.014480758
120000,0.000237778,0.000905556,0.000891674,0.011044236
120000,0.000237778,0.001124444,0.000700006,0.00891515
120000,0.000237778,0.001343333,0.001365308,9.72E-06
120000,0.000237778,0.001562222,0.001091676,0.006543174
120000,0.000237778,0.001781111,0.001764261,0
120000,0.000237778,0.002,0.00039167,0.005083496
120000,0.000346667,3.00E-05,0.018325153,0.322699102
120000,0.000346667,0.000248889,0.002216685,0.038949709
120000,0.000346667,0.000467778,0.001191677,0.020785881
120000,0.000346667,0.000686667,-411.0793669,-1.480939027
120000,0.000346667,0.000905556,0.000616672,0.010997124
120000,0.000346667,0.001124444,0.000491671,0.008930848
120000,0.000346667,0.001343333,0.001763058,1.62E-05
120000,0.000346667,0.001562222,0.002032612,0.001279713
120000,0.000346667,0.001781111,0.002799913,0.000654294
120000,0.000346667,0.002,0.12677088,0.2594891
120000,0.000455556,3.00E-05,0.014066784,0.323593703
120000,0.000455556,0.000248889,0.001700014,0.038978709
120000,0.000455556,0.000467778,0.003822451,0.001754686
120000,0.000455556,0.000686667,0.000616672,0.014386507
120000,0.000455556,0.000905556,0.006274574,0.002944982
120000,0.000455556,0.001124444,0.0005,0.009283627
120000,0.000455556,0.001343333,0.035148828,0.057783023
120000,0.000455556,0.001562222,5.730241546,8.290381471
120000,0.000455556,0.001781111,0.016792371,0.004737273
120000,0.000455556,0.002,1.422499152,2.434521126
120000,0.000564444,3.00E-05,0.011516859,0.323947185
120000,0.000564444,0.000248889,0.001408345,0.039098335
120000,0.000564444,0.000467778,0.000766673,0.020794364
120000,0.000564444,0.000686667,0.000500004,0.014431233
120000,0.000564444,0.000905556,13.09300809,36.37146623
120000,0.000564444,0.001124444,27.27201871,-22.7222279
120000,0.000564444,0.001343333,1.584043857,3.4219811
120000,0.000564444,0.001562222,1.788758558,3.584436102
120000,0.000564444,0.001781111,1.810997484,2.759735036
120000,0.000564444,0.002,2.055690186,3.287163992
120000,0.000673333,3.00E-05,0.00979183,0.323023366
120000,0.000673333,0.000248889,0.00120001,0.039289348
120000,0.000673333,0.000467778,0.000641672,0.020742381
120000,0.000673333,0.000686667,0.000475004,0.014681289
120000,0.000673333,0.000905556,0.160426774,0.109057152
120000,0.000673333,0.001124444,0.22480516,0.416472639
120000,0.000673333,0.001343333,1.984861063,4.013418183
120000,0.000673333,0.001562222,2.422303724,3.979579087
120000,0.000673333,0.001781111,2.277331901,3.675923528
120000,0.000673333,0.002,2.399100665,3.422984644
120000,0.000782222,3.00E-05,0.008600143,0.323409855
120000,0.000782222,0.000248889,0.001033342,0.039002734
120000,0.000782222,0.000467778,0.000558338,0.020881239
120000,0.000782222,0.000686667,0.027181068,0.064000759
120000,0.000782222,0.000905556,38.89100691,-13.75051561
120000,0.000782222,0.001124444,2.243222504,5.693796302
120000,0.000782222,0.001343333,2.7459745,5.013996083
120000,0.000782222,0.001562222,2.556672961,4.174579299
120000,0.000782222,0.001781111,3.008417426,4.182503589
120000,0.000782222,0.002,3.379891279,6.075898541
120000,0.000891111,3.00E-05,0.007616857,0.323550096
120000,0.000891111,0.000248889,0.000966675,0.038998874
120000,0.000891111,0.000467778,0.019267705,0.049480011
120000,0.000891111,0.000686667,0.001758465,0.022341136
120000,0.000891111,0.000905556,3.275196773,12.4631631
120000,0.000891111,0.001124444,2.946177037,5.428888231
120000,0.000891111,0.001343333,2.789022543,4.901172959
120000,0.000891111,0.001562222,3.472550277,4.851102045
120000,0.000891111,0.001781111,3.940321095,8.588223764
120000,0.000891111,0.002,2.932350319,7.177706239
120000,0.001,3.00E-05,0.006666833,0.323842806
120000,0.001,0.000248889,0.001016684,0.039789459
120000,0.001,0.000467778,0.000975033,0.023254465
120000,0.001,0.000686667,34.54545161,-16.18403037
120000,0.001,0.000905556,2.566497458,7.653896639
120000,0.001,0.001124444,3.052836497,6.386011011
120000,0.001,0.001343333,3.536213863,5.113818189
120000,0.001,0.001562222,4.673362987,10.48545782
120000,0.001,0.001781111,3.287701301,9.691708273
120000,0.001,0.002,2.549419327,5.743379607
140000,2.00E-05,3.00E-05,0.199341667,0.28082138
140000,2.00E-05,0.000248889,0.024916874,0.0344413
140000,2.00E-05,0.000467778,0.01322511,0.018268929
140000,2.00E-05,0.000686667,0.009133409,0.01275283
140000,2.00E-05,0.000905556,0.006925058,0.009675198
140000,2.00E-05,0.001124444,0.005666714,0.007915851
140000,2.00E-05,0.001343333,0.004741706,0.006601175
140000,2.00E-05,0.001562222,0.004108368,0.005786752
140000,2.00E-05,0.001781111,0.00360003,0.005060538
140000,2.00E-05,0.002,0.003200027,0.004517992
140000,0.000128889,3.00E-05,0.000629997,-0.0006246
140000,0.000128889,0.000248889,0.005725048,0.03388913
140000,0.000128889,0.000467778,0.003075026,0.018058655
140000,0.000128889,0.000686667,0.002091684,0.012563136
140000,0.000128889,0.000905556,0.001600013,0.009619614
140000,0.000128889,0.001124444,0.001283344,0.007758767
140000,0.000128889,0.001343333,0.001066676,0.006550424
140000,0.000128889,0.001562222,0.000933341,0.005647786
140000,0.000128889,0.001781111,0.000816673,0.004965079
140000,0.000128889,0.002,0.000725006,0.004443075
140000,0.000237778,3.00E-05,0.026150218,0.279391969
140000,0.000237778,0.000248889,0.003200027,0.03385163
140000,0.000237778,0.000467778,0.001708348,0.01800674
140000,0.000237778,0.000686667,0.00115001,0.012548636
140000,0.000237778,0.000905556,0.000883341,0.009528977
140000,0.000237778,0.001124444,0.000716673,0.0077346
140000,0.000237778,0.001343333,0.000545229,9.72E-06
140000,0.000237778,0.001562222,0.000525004,0.005636917
140000,0.000237778,0.001781111,0.000458337,0.004965079
140000,0.000237778,0.002,0.000408337,0.004416491
140000,0.000346667,3.00E-05,0.018175303,0.279362916
140000,0.000346667,0.000248889,4.01E-05,6.42E-05
140000,0.000346667,0.000467778,0.000215043,3.67E-05
140000,0.000346667,0.000686667,0.000800007,0.012506344
140000,0.000346667,0.000905556,0.000616672,0.009530208
140000,0.000346667,0.001124444,0.000500004,0.007744266
140000,0.000346667,0.001343333,0.00041667,0.006520208
140000,0.000346667,0.001562222,0.024608095,0.01979528
140000,0.000346667,0.001781111,955.1694834,-5.755201506
140000,0.000346667,0.002,0.072775077,0.015328168
140000,0.000455556,3.00E-05,0.013941667,0.279521546
140000,0.000455556,0.000248889,0.001716681,0.033942215
140000,0.000455556,0.000467778,0.000908341,0.018061094
140000,0.000455556,0.000686667,0.000616672,0.012502719
140000,0.000455556,0.000905556,0.000558292,0.000251759
140000,0.000455556,0.001124444,0.000475,0.008094627
140000,0.000455556,0.001343333,-12.31104197,-9.891682067
140000,0.000455556,0.001562222,4.630499686,8.292006955
140000,0.000455556,0.001781111,1.228280738,2.404820973
140000,0.000455556,0.002,1.400946985,2.39163176
140000,0.000564444,3.00E-05,0.011525192,0.279706811
140000,0.000564444,0.000248889,0.001400012,0.033923045
140000,0.000564444,0.000467778,0.000741673,0.018022427
140000,0.000564444,0.000686667,152.9439789,15.14842696
140000,0.000564444,0.000905556,0.000816667,0.01057026
140000,0.000564444,0.001124444,0.150922151,0.103256942
140000,0.000564444,0.001343333,1.802471463,2.041188491
140000,0.000564444,0.001562222,1.780691033,3.61114986
140000,0.000564444,0.001781111,1.073893594,0.763850345
140000,0.000564444,0.002,2.05531557,3.285734669
140000,0.000673333,3.00E-05,0.009758415,0.280019285
140000,0.000673333,0.000248889,0.001158343,0.033805836
140000,0.000673333,0.000467778,0.000650005,0.018069596
140000,0.000673333,0.000686667,0.003806766,0.005337875
140000,0.000673333,0.000905556,0.021779588,0.034405799
140000,0.000673333,0.001124444,1.421736046,1.767277274
140000,0.000673333,0.001343333,1.983216197,4.018732068
140000,0.000673333,0.001562222,2.398823121,3.931802401
140000,0.000673333,0.001781111,2.277501219,3.672746305
140000,0.000673333,0.002,2.382660001,3.413850858
140000,0.000782222,3.00E-05,0.008433474,0.280130695
140000,0.000782222,0.000248889,0.001016675,0.033887922
140000,0.000782222,0.000467778,0.014674915,0.017450133
140000,0.000782222,0.000686667,-12.89165214,-20.71637688
140000,0.000782222,0.000905556,12.63555669,-798.2287498
140000,0.000782222,0.001124444,2.258756874,5.666385109
140000,0.000782222,0.001343333,2.743785067,4.996215617
140000,0.000782222,0.001562222,2.55595412,4.180072652
140000,0.000782222,0.001781111,2.993899197,4.182489588
140000,0.000782222,0.002,3.394257713,6.168482171
140000,0.000891111,3.00E-05,0.007500063,0.280440383
140000,0.000891111,0.000248889,0.000958341,0.03390705
140000,0.000891111,0.000467778,0.00078334,0.018539082
140000,0.000891111,0.000686667,0.038681084,0.092030052
140000,0.000891111,0.000905556,0.105155635,0.109447697
140000,0.000891111,0.001124444,0.07711912,0.173949714
140000,0.000891111,0.001343333,2.794500546,4.901081416
140000,0.000891111,0.001562222,3.485923276,4.867459687
140000,0.000891111,0.001781111,3.934316932,8.611956356
140000,0.000891111,0.002,2.934068674,7.201618159
140000,0.001,3.00E-05,0.006700056,0.280590353
140000,0.001,0.000248889,0.001075018,0.03480997
140000,0.001,0.000467778,0.000950032,0.020389545
140000,0.001,0.000686667,0.079647984,0.118414611
140000,0.001,0.000905556,2.551412593,7.796691612
140000,0.001,0.001124444,3.049021757,6.372996652
140000,0.001,0.001343333,0.016700414,0.030437241
140000,0.001,0.001562222,4.664135211,10.50354004
140000,0.001,0.001781111,3.293460867,9.710912207
140000,0.001,0.002,2.551305918,5.753831719
160000,2.00E-05,3.00E-05,0.185534879,0.249034831
160000,2.00E-05,0.000248889,0.023041859,0.030522655
160000,2.00E-05,0.000467778,0,0
160000,2.00E-05,0.000686667,0.008641739,0.011439364
160000,2.00E-05,0.000905556,0.006450054,0.008651732
160000,2.00E-05,0.001124444,0,0
160000,2.00E-05,0.001343333,0.004366703,0.00580246
160000,2.00E-05,0.001562222,0.003758365,0.004994079
160000,2.00E-05,0.001781111,0.003316694,0.004438242
160000,2.00E-05,0.002,0.002941691,0.003945238
160000,0.000128889,3.00E-05,1.26E-05,0
160000,0.000128889,0.000248889,0.005683381,0.029905302
160000,0.000128889,0.000467778,0.003025025,0.015882452
160000,0.000128889,0.000686667,0.000447793,0
160000,0.000128889,0.000905556,0,0
160000,0.000128889,0.001124444,0.001037981,-0.000609865
160000,0.000128889,0.001343333,0.001050009,0.005693709
160000,0.000128889,0.001562222,0.000900008,0.004899828
160000,0.000128889,0.001781111,0.00080834,0.004366944
160000,0.000128889,0.002,0.000700006,0.003886029
160000,0.000237778,3.00E-05,0.025808763,0.246677292
160000,0.000237778,0.000248889,0.003150026,0.029918558
160000,0.000237778,0.000467778,0.001666681,0.015882452
160000,0.000237778,0.000686667,0.387012961,-0.011239262
160000,0.000237778,0.000905556,0.000883341,0.00849947
160000,0.000237778,0.001124444,0.000708339,0.006793293
160000,0.000237778,0.001343333,2.90E-05,9.72E-06
160000,0.000237778,0.001562222,0.000491671,0.004913114
160000,0.000237778,0.001781111,0.000458337,0.004351241
160000,0.000237778,0.002,0.00039167,0.003869112
160000,0.000346667,3.00E-05,0.017991817,0.246905435
160000,0.000346667,0.000248889,0.002166685,0.029749462
160000,0.000346667,0.000467778,0.001166676,0.015889683
160000,0.000346667,0.000686667,0.000148536,4.12E-05
160000,0.000346667,0.000905556,0.000608338,0.00850673
160000,0.000346667,0.001124444,0.000483337,0.006753426
160000,0.000346667,0.001343333,0.000400003,0.005694918
160000,0.000346667,0.001562222,0.024627826,0.019967399
160000,0.000346667,0.001781111,30.22564763,-26.34278117
160000,0.000346667,0.002,0.167792221,0.278357938
160000,0.000455556,3.00E-05,0.014016783,0.247700524
160000,0.000455556,0.000248889,0.001691681,0.029820718
160000,0.000455556,0.000467778,0.000891674,0.015865516
160000,0.000455556,0.000686667,0.000650005,0.01114814
160000,0.000455556,0.000905556,0.003865875,0.002839832
160000,0.000455556,0.001124444,0.00045,0.007102594
160000,0.000455556,0.001343333,0.008566536,0.006145603
160000,0.000455556,0.001562222,1.078905577,1.191433568
160000,0.000455556,0.001781111,1.727832139,1.825959497
160000,0.000455556,0.002,1.403272537,2.382361738
160000,0.000564444,3.00E-05,0.011266761,0.247057928
160000,0.000564444,0.000248889,0.001375011,0.029803837
160000,0.000564444,0.000467778,0.000725006,0.015934411
160000,0.000564444,0.000686667,0.000525004,0.01116507
160000,0.000564444,0.000905556,12.60070859,96.4773007
160000,0.000564444,0.001124444,-1097.149127,-8.167923759
160000,0.000564444,0.001343333,2.712815327,5.875316672
160000,0.000564444,0.001562222,1.777287441,3.604853027
160000,0.000564444,0.001781111,1.810906097,2.76065334
160000,0.000564444,0.002,2.051239246,3.280483478
160000,0.000673333,3.00E-05,0.009591747,0.247826203
160000,0.000673333,0.000248889,0.001158343,0.029917458
160000,0.000673333,0.000467778,0.000625005,0.015906658
160000,0.000673333,0.000686667,0.000475004,0.011281016
160000,0.000673333,0.000905556,0.161564484,0.108617455
160000,0.000673333,0.001124444,2.635511593,6.940350404
160000,0.000673333,0.001343333,1.994996698,4.026264267
160000,0.000673333,0.001562222,2.406414842,3.937867638
160000,0.000673333,0.001781111,2.270628385,3.67762615
160000,0.000673333,0.002,2.387164872,3.416601236
160000,0.000782222,3.00E-05,0.008291805,0.247918006
160000,0.000782222,0.000248889,0.001033342,0.029879746
160000,0.000782222,0.000467778,0.014683347,0.017447126
160000,0.000782222,0.000686667,-12.44243505,-21.22334916
160000,0.000782222,0.000905556,0.006096354,0.012422499
160000,0.000782222,0.001124444,0.500795396,0.572965658
160000,0.000782222,0.001343333,2.742866051,4.982057408
160000,0.000782222,0.001562222,2.545849975,4.181975759
160000,0.000782222,0.001781111,2.985267124,4.172112111
160000,0.000782222,0.002,3.395128755,6.163556747
160000,0.000891111,3.00E-05,0.007350061,0.247902678
160000,0.000891111,0.000248889,0.000983342,0.029929071
160000,0.000891111,0.000467778,0.019191889,0.049412002
160000,0.000891111,0.000686667,0.037657697,0.09284712
160000,0.000891111,0.000905556,2.270198106,3.05714839
160000,0.000891111,0.001124444,0.016311671,0.021289149
160000,0.000891111,0.001343333,1.615385356,1.818483441
160000,0.000891111,0.001562222,3.461413312,4.84315252
160000,0.000891111,0.001781111,3.937398082,8.591780485
160000,0.000891111,0.002,2.932085705,7.184156812
160000,0.001,3.00E-05,0.006550109,0.247383278
160000,0.001,0.000248889,0.00100835,0.030317128
160000,0.001,0.000467778,0.044276472,0.130979258
160000,0.001,0.000686667,0.07943857,0.118726405
160000,0.001,0.000905556,2.554370505,7.737390954
160000,0.001,0.001124444,2.719721909,2.933531163
160000,0.001,0.001343333,3.545512815,5.115642495
160000,0.001,0.001562222,4.673891435,10.51752482
160000,0.001,0.001781111,3.292047127,9.713681857
160000,0.001,0.002,2.549818279,5.742481668
180000,2.00E-05,3.00E-05,0.174491667,0.227782974
180000,2.00E-05,0.000248889,0.021591847,0.027801609
180000,2.00E-05,0.000467778,0.000103305,0
180000,2.00E-05,0.000686667,0.007991733,0.010345828
180000,2.00E-05,0.000905556,0.006108384,0.007805892
180000,2.00E-05,0.001124444,0.004950041,0.006406631
180000,2.00E-05,0.001343333,0.005362913,6.48E-06
180000,2.00E-05,0.001562222,0.003525029,0.004561493
180000,2.00E-05,0.001781111,0.003100026,0.003988738
180000,2.00E-05,0.002,0.002775023,0.00356461
180000,0.000128889,3.00E-05,0.047075,0.222894594
180000,0.000128889,0.000248889,0.000952935,0
180000,0.000128889,0.000467778,0.003033359,0.014339382
180000,0.000128889,0.000686667,0.002066684,0.009989355
180000,0.000128889,0.000905556,0.00161668,0.007652432
180000,0.000128889,0.001124444,0.001291677,0.006201206
180000,0.000128889,0.001343333,0.001058342,0.005168074
180000,0.000128889,0.001562222,0.000916674,0.004456367
180000,0.000128889,0.001781111,1407.83085,-6.819101882
180000,0.000128889,0.002,0.000708339,0.003486064
180000,0.000237778,3.00E-05,0.025975433,0.222021094
180000,0.000237778,0.000248889,0.003841699,0.026931568
180000,0.000237778,0.000467778,0.001691681,0.014411882
180000,0.000237778,0.000686667,177.6836415,-0.015407938
180000,0.000237778,0.000905556,193.9083643,-0.064822314
180000,0.000237778,0.001124444,164.4890746,-0.210296633
180000,0.000237778,0.001343333,0.001720601,9.72E-06
180000,0.000237778,0.001562222,0.000491671,0.004443075
180000,0.000237778,0.001781111,-574.4529621,-2.796574668
180000,0.000237778,0.002,1477.323792,26.58149692
180000,0.000346667,3.00E-05,0.018466821,0.2228358
180000,0.000346667,0.000248889,0.002241685,0.026867558
180000,0.000346667,0.000467778,0.00117501,0.014346649
180000,0.000346667,0.000686667,565.3990361,-0.907960542
180000,0.000346667,0.000905556,0.001433345,0.007634298
180000,0.000346667,0.001124444,0.000500004,0.006193956
180000,0.000346667,0.001343333,2455.03674,10.77667937
180000,0.000346667,0.001562222,0.00036667,0.004478106
180000,0.000346667,0.001781111,107.8887929,-18.13423816
180000,0.000346667,0.002,0.174222555,0.296215305
180000,0.000455556,3.00E-05,0.013975,0.223211448
180000,0.000455556,0.000248889,0.002750023,0.026888003
180000,0.000455556,0.000467778,0.000908341,0.014386507
180000,0.000455556,0.000686667,572.9727517,-12.32785342
180000,0.000455556,0.000905556,0.000466671,0.007612557
180000,0.000455556,0.001124444,0.00443834,0.000422133
180000,0.000455556,0.001343333,-169.6408182,-8.506286915
180000,0.000455556,0.001562222,6.923069109,8.090608586
180000,0.000455556,0.001781111,1.230437443,2.413500606
180000,0.000455556,0.002,1.418022268,2.399286261
180000,0.000564444,3.00E-05,0.011466858,0.222795135
180000,0.000564444,0.000248889,0.003708364,0.026778108
180000,0.000564444,0.000467778,0.000733339,0.014341833
180000,0.000564444,0.000686667,6034.387678,15.04257936
180000,0.000564444,0.000905556,7168.636496,-9.451190162
180000,0.000564444,0.001124444,56.33835015,-31.54739208
180000,0.000564444,0.001343333,2.522294495,5.162240963
180000,0.000564444,0.001562222,1.780582394,3.594520882
180000,0.000564444,0.001781111,1.827061321,2.773618634
180000,0.000564444,0.002,2.047541004,3.275608061
180000,0.000673333,3.00E-05,0.009566826,0.222752835
180000,0.000673333,0.000248889,0.001650014,0.026796201
180000,0.000673333,0.000467778,0.000616672,0.014307982
180000,0.000673333,0.000686667,0.000466671,0.010169348
180000,0.000673333,0.000905556,0.164289041,0.109327858
180000,0.000673333,0.001124444,1.440046038,1.783017127
180000,0.000673333,0.001343333,1.994837981,4.039110226
180000,0.000673333,0.001562222,2.403317355,3.931945451
180000,0.000673333,0.001781111,2.277864798,3.683322522
180000,0.000673333,0.002,3.861033773,3.411227082
180000,0.000782222,3.00E-05,0.00840007,0.222290294
180000,0.000782222,0.000248889,0.001325011,0.02682997
180000,0.000782222,0.000467778,0.000566667,0.014444438
180000,0.000782222,0.000686667,0.030624544,0.064127344
180000,0.000782222,0.000905556,0.309427739,0.327540458
180000,0.000782222,0.001124444,2.24124623,5.633396993
180000,0.000782222,0.001343333,2.733442561,4.951436219
180000,0.000782222,0.001562222,2.546504937,4.173731882
180000,0.000782222,0.001781111,3.000162849,4.184901525
180000,0.000782222,0.002,3.398546088,6.146693534
180000,0.000891111,3.00E-05,0.007391667,0.223254257
180000,0.000891111,0.000248889,0.001883349,0.026957826
180000,0.000891111,0.000467778,0.022911068,0.049563155
180000,0.000891111,0.000686667,0.040539305,0.092751878
180000,0.000891111,0.000905556,2.246328173,3.009004371
180000,0.000891111,0.001124444,2.947082296,5.41700656
180000,0.000891111,0.001343333,3.375304329,4.903593435
180000,0.000891111,0.001562222,3.475257521,4.856679114
180000,0.000891111,0.001781111,3.936869656,8.611127974
180000,0.000891111,0.002,2.942352604,7.201666623
180000,0.001,3.00E-05,0.006841781,0.223205039
180000,0.001,0.000248889,0.003775063,0.027547757
180000,0.001,0.000467778,0.027613807,0.070601076
180000,0.001,0.000686667,0.082621976,0.118965653
180000,0.001,0.000905556,1.978989636,2.918816654
180000,0.001,0.001124444,3.057594699,6.397098881
180000,0.001,0.001343333,3.544699592,5.105166351
180000,0.001,0.001562222,4.680502646,10.52841181
180000,0.001,0.001781111,3.300568911,9.691808358
180000,0.001,0.002,2.558574027,5.750798109
200000,2.00E-05,3.00E-05,0.163047283,0.20906069
200000,2.00E-05,0.000248889,0.020191835,0.025384857
200000,2.00E-05,0.000467778,7.59E-05,0
200000,2.00E-05,0.000686667,0.000157274,0
200000,2.00E-05,0.000905556,0.005716714,0.007176345
200000,2.00E-05,0.001124444,0.004625039,0.005779495
200000,2.00E-05,0.001343333,0.003900033,0.004882912
200000,2.00E-05,0.001562222,0.003341695,0.004221943
200000,2.00E-05,0.001781111,0.002941691,0.003640736
200000,2.00E-05,0.002,0.002600022,0.003260108
200000,0.000128889,3.00E-05,0.000375271,0
200000,0.000128889,0.000248889,0.005750048,0.024432624
200000,0.000128889,0.000467778,0.003050025,0.013111739
200000,0.000128889,0.000686667,0.002083351,0.009100038
200000,0.000128889,0.000905556,0.00159168,0.006945552
200000,0.000128889,0.001124444,0.001283344,0.005624834
200000,0.000128889,0.001343333,0.001100009,0.004724619
200000,0.000128889,0.001562222,0.000933341,0.004107151
200000,0.000128889,0.001781111,0.000800007,0.003585152
200000,0.000128889,0.002,0.000708339,0.003174312
200000,0.000237778,3.00E-05,0.025933766,0.201914746
200000,0.000237778,0.000248889,0.000632479,0
200000,0.000237778,0.000467778,0.001700014,0.013038014
200000,0.000237778,0.000686667,0.334969927,-0.018420223
200000,0.000237778,0.000905556,0.000883341,0.006934677
200000,0.000237778,0.001124444,0.000716673,0.005603077
200000,0.000237778,0.001343333,0.001240174,9.72E-06
200000,0.000237778,0.001562222,0.000500004,0.003992358
200000,0.000237778,0.001781111,-11.78520531,-2.901635456
200000,0.000237778,0.002,14.99698083,26.73661597
200000,0.000346667,3.00E-05,1.800539863,-0.12764551
200000,0.000346667,0.000248889,0.001309232,6.42E-05
200000,0.000346667,0.000467778,0.00117501,0.012983623
200000,0.000346667,0.000686667,-384.8893239,-1.475939143
200000,0.000346667,0.000905556,0.000625005,0.006928627
200000,0.000346667,0.001124444,0.000862274,0.000589676
200000,0.000346667,0.001343333,21.967601,11.06534214
200000,0.000346667,0.001562222,0.024329722,0.019080591
200000,0.000346667,0.001781111,257.8062882,-5.751220463
200000,0.000346667,0.002,0.005921234,0.002325834
200000,0.000455556,3.00E-05,19.9099804,-1.345902583
200000,0.000455556,0.000248889,0.001700014,0.024473708
200000,0.000455556,0.000467778,0.000891674,0.013012624
200000,0.000455556,0.000686667,16.64724078,-17.12550924
200000,0.000455556,0.000905556,0.003986734,0.002906745
200000,0.000455556,0.001124444,0.000458333,0.005879751
200000,0.000455556,0.001343333,39.01069509,-15.24098728
200000,0.000455556,0.001562222,0.005630137,0.008790851
200000,0.000455556,0.001781111,1.805476486,3.15774132
200000,0.000455556,0.002,1.387891167,1.451940825
200000,0.000564444,3.00E-05,57.3289979,-4.431194453
200000,0.000564444,0.000248889,0.001466679,0.024358945
200000,0.000564444,0.000467778,0.000741673,0.013030749
200000,0.000564444,0.000686667,0.001598808,0.002444926
200000,0.000564444,0.000905556,188.5041693,-9.449857006
200000,0.000564444,0.001124444,0.020469949,0.009514154
200000,0.000564444,0.001343333,2.432114433,5.227331287
200000,0.000564444,0.001562222,1.776391462,3.615778146
200000,0.000564444,0.001781111,1.758790866,1.78486898
200000,0.000564444,0.002,2.053395459,3.281368173
200000,0.000673333,3.00E-05,91.51085727,-11.10607097
200000,0.000673333,0.000248889,0.001208343,0.024466487
200000,0.000673333,0.000467778,0.000650005,0.013021113
200000,0.000673333,0.000686667,0.000458337,0.009223244
200000,0.000673333,0.000905556,-25.9060461,25.21896986
200000,0.000673333,0.001124444,2.72208378,7.216031349
200000,0.000673333,0.001343333,0.030888889,0.06064236
200000,0.000673333,0.001562222,2.397129158,3.91139176
200000,0.000673333,0.001781111,2.272993533,3.680052589
200000,0.000673333,0.002,2.37985456,3.412588231
200000,0.000782222,3.00E-05,0.008291736,0.201685648
200000,0.000782222,0.000248889,0.001016675,0.024403654
200000,0.000782222,0.000467778,0.000575005,0.013106842
200000,0.000782222,0.000686667,-12.67176121,-20.95665337
200000,0.000782222,0.000905556,11.2270123,107.7544254
200000,0.000782222,0.001124444,2.256734178,5.659956767
200000,0.000782222,0.001343333,2.728431817,4.947641074
200000,0.000782222,0.001562222,2.552083383,4.178419086
200000,0.000782222,0.001781111,2.977838327,4.167445114
200000,0.000782222,0.002,3.383880284,6.100024596
200000,0.000891111,3.00E-05,0.007333394,0.202754709
200000,0.000891111,0.000248889,0.000966675,0.024501292
200000,0.000891111,0.000467778,0.00075834,0.013390478
200000,0.000891111,0.000686667,0.03724295,0.093327363
200000,0.000891111,0.000905556,0.36424866,0.785563276
200000,0.000891111,0.001124444,2.931953173,5.405768448
200000,0.000891111,0.001343333,2.793424748,4.902993835
200000,0.000891111,0.001562222,3.473046412,4.85377654
200000,0.000891111,0.001781111,3.935138524,8.595092678
200000,0.000891111,0.002,2.932763053,7.19866435
200000,0.001,3.00E-05,0.006525054,0.202343911
200000,0.001,0.000248889,0.001041684,0.025508046
200000,0.001,0.000467778,0.023950974,0.070359587
200000,0.001,0.000686667,34.44599315,-16.2247041
200000,0.001,0.000905556,2.543057132,7.787946942
200000,0.001,0.001124444,3.051899365,6.389187986
200000,0.001,0.001343333,3.529593988,5.104084723
200000,0.001,0.001562222,4.669580886,10.5111686
200000,0.001,0.001781111,3.289405948,9.697493606
200000,0.001,0.002,2.548034189,5.750748604
