20000,2.00E-05,3.00E-05,0.366278,0.399125
20000,2.00E-05,0.000248889,0.803289,0.333548
20000,2.00E-05,0.000467778,0.965028,0.30354
20000,2.00E-05,0.000686667,0.693617,0.151801
20000,2.00E-05,0.000905556,0.99497,0.300884
20000,2.00E-05,0.001124444,0.965851,0.305978
20000,2.00E-05,0.001343333,0.969365,0.298781
20000,2.00E-05,0.001562222,1.00229,0.299389
20000,2.00E-05,0.001781111,0.973379,0.299112
20000,2.00E-05,0.002,0.993512,0.297914
20000,0.000128889,3.00E-05,0.384716,0.403778
20000,0.000128889,0.000248889,0.781395,0.330538
20000,0.000128889,0.000467778,0.958893,0.297586
20000,0.000128889,0.000686667,0.690812,0.148196
20000,0.000128889,0.000905556,0.999186,0.300355
20000,0.000128889,0.001124444,0.973244,0.301801
20000,0.000128889,0.001343333,0.993044,0.298541
20000,0.000128889,0.001562222,0.997863,0.297326
20000,0.000128889,0.001781111,0.997012,0.298035
20000,0.000128889,0.002,0.966774,0.296218
20000,0.000237778,3.00E-05,0.382523,0.401975
20000,0.000237778,0.000248889,0.783536,0.343994
20000,0.000237778,0.000467778,0.951815,0.303595
20000,0.000237778,0.000686667,0.706611,0.150119
20000,0.000237778,0.000905556,1.00919,0.299755
20000,0.000237778,0.001124444,0.984849,0.292515
20000,0.000237778,0.001343333,0.974727,0.293687
20000,0.000237778,0.001562222,1.00703,0.294541
20000,0.000237778,0.001781111,0.979688,0.292237
20000,0.000237778,0.002,0.997842,0.302675
20000,0.000346667,3.00E-05,0.37961,0.402731
20000,0.000346667,0.000248889,0.793817,0.338513
20000,0.000346667,0.000467778,5.62681,0.000228761
20000,0.000346667,0.000686667,0.702325,0.146589
20000,0.000346667,0.000905556,0.965866,0.296616
20000,0.000346667,0.001124444,0.972677,0.296739
20000,0.000346667,0.001343333,0.971255,0.300617
20000,0.000346667,0.001562222,0.988051,0.292487
20000,0.000346667,0.001781111,0.98502,0.294682
20000,0.000346667,0.002,0.788279,0.283561
20000,0.000455556,3.00E-05,0.376901,0.401974
20000,0.000455556,0.000248889,0.781352,0.334135
20000,0.000455556,0.000467778,0.961813,0.303293
20000,0.000455556,0.000686667,0.689729,0.134119
20000,0.000455556,0.000905556,1.00314,0.298426
20000,0.000455556,0.001124444,0.976051,0.290701
20000,0.000455556,0.001343333,0.962704,0.297889
20000,0.000455556,0.001562222,0.637203,0.310698
20000,0.000455556,0.001781111,0.150854,0.316545
20000,0.000455556,0.002,0.14719,0.394165
20000,0.000564444,3.00E-05,0.375729,0.403065
20000,0.000564444,0.000248889,0.80367,0.34013
20000,0.000564444,0.000467778,0.96144,0.302423
20000,0.000564444,0.000686667,0.716332,0.159128
20000,0.000564444,0.000905556,1.00234,0.298917
20000,0.000564444,0.001124444,0.816754,0.320379
20000,0.000564444,0.001343333,0.214244,0.417089
20000,0.000564444,0.001562222,0.22122,0.492072
20000,0.000564444,0.001781111,0.397563,0.526083
20000,0.000564444,0.002,0.283128,0.40436
20000,0.000673333,3.00E-05,0.37925,0.402898
20000,0.000673333,0.000248889,0.791194,0.331412
20000,0.000673333,0.000467778,0.941937,0.30717
20000,0.000673333,0.000686667,0.718032,0.150967
20000,0.000673333,0.000905556,0.947049,0.283783
20000,0.000673333,0.001124444,0.327687,0.630809
20000,0.000673333,0.001343333,0.362169,0.702158
20000,0.000673333,0.001562222,0.442827,0.567419
20000,0.000673333,0.001781111,0.42829,0.549765
20000,0.000673333,0.002,0.488538,0.534686
20000,0.000782222,3.00E-05,0.378515,0.402332
20000,0.000782222,0.000248889,0.782327,0.332409
20000,0.000782222,0.000467778,0.96275,0.30125
20000,0.000782222,0.000686667,0.71826,0.163239
20000,0.000782222,0.000905556,0.798071,0.382323
20000,0.000782222,0.001124444,0.50278,0.880373
20000,0.000782222,0.001343333,0.615777,0.795162
20000,0.000782222,0.001562222,0.628948,0.751807
20000,0.000782222,0.001781111,0.649155,0.653823
20000,0.000782222,0.002,0.388581,0.378723
20000,0.000891111,3.00E-05,0.374248,0.40147
20000,0.000891111,0.000248889,0.798516,0.330225
20000,0.000891111,0.000467778,0.952903,0.298343
20000,0.000891111,0.000686667,5.28476,0.000228758
20000,0.000891111,0.000905556,0.609487,0.999462
20000,0.000891111,0.001124444,0.980647,1.10259
20000,0.000891111,0.001343333,0.900547,1.0226
20000,0.000891111,0.001562222,0.90432,0.841595
20000,0.000891111,0.001781111,4.92909,0.000228865
20000,0.000891111,0.002,0.429899,0.485073
20000,0.001,3.00E-05,0.378169,0.402693
20000,0.001,0.000248889,0.789877,0.341706
20000,0.001,0.000467778,0.946117,0.302405
20000,0.001,0.000686667,5.20364,0.000228725
20000,0.001,0.000905556,0.942634,1.63885
20000,0.001,0.001124444,1.13617,1.42399
20000,0.001,0.001343333,1.14769,1.26265
20000,0.001,0.001562222,0.638175,0.70142
20000,0.001,0.001781111,0.557117,0.630078
20000,0.001,0.002,0.531439,0.65636
40000,2.00E-05,3.00E-05,1.14388,0.411465
40000,2.00E-05,0.000248889,1.78915,0.33576
40000,2.00E-05,0.000467778,1.70011,0.306629
40000,2.00E-05,0.000686667,1.79754,0.330541
40000,2.00E-05,0.000905556,1.87977,0.333292
40000,2.00E-05,0.001124444,1.82518,0.335309
40000,2.00E-05,0.001343333,1.80865,0.312748
40000,2.00E-05,0.001562222,1.9461,0.332211
40000,2.00E-05,0.001781111,1.80698,0.334219
40000,2.00E-05,0.002,1.77656,0.328522
40000,0.000128889,3.00E-05,0.89016,0.480602
40000,0.000128889,0.000248889,1.77775,0.323555
40000,0.000128889,0.000467778,1.74851,0.323303
40000,0.000128889,0.000686667,1.85326,0.342167
40000,0.000128889,0.000905556,1.86283,0.330941
40000,0.000128889,0.001124444,1.87431,0.317149
40000,0.000128889,0.001343333,1.79083,0.327246
40000,0.000128889,0.001562222,1.96487,0.331184
40000,0.000128889,0.001781111,1.82281,0.327938
40000,0.000128889,0.002,1.82594,0.33977
40000,0.000237778,3.00E-05,0.88206,0.488735
40000,0.000237778,0.000248889,1.77537,0.327817
40000,0.000237778,0.000467778,1.76122,0.325169
40000,0.000237778,0.000686667,1.81189,0.335892
40000,0.000237778,0.000905556,1.84641,0.337208
40000,0.000237778,0.001124444,1.84868,0.33013
40000,0.000237778,0.001343333,1.82947,0.343101
40000,0.000237778,0.001562222,1.96538,0.331185
40000,0.000237778,0.001781111,1.80012,0.320139
40000,0.000237778,0.002,1.83672,0.327891
40000,0.000346667,3.00E-05,0.878845,0.480234
40000,0.000346667,0.000248889,1.79817,0.324244
40000,0.000346667,0.000467778,5.62681,0.000228761
40000,0.000346667,0.000686667,1.84724,0.339366
40000,0.000346667,0.000905556,1.89275,0.332907
40000,0.000346667,0.001124444,1.84879,0.314655
40000,0.000346667,0.001343333,1.84568,0.319958
40000,0.000346667,0.001562222,1.96524,0.331183
40000,0.000346667,0.001781111,1.83323,0.330058
40000,0.000346667,0.002,1.75096,0.325013
40000,0.000455556,3.00E-05,0.864197,0.486177
40000,0.000455556,0.000248889,1.77597,0.322375
40000,0.000455556,0.000467778,1.76313,0.307269
40000,0.000455556,0.000686667,1.85418,0.325214
40000,0.000455556,0.000905556,1.88125,0.337359
40000,0.000455556,0.001124444,1.82761,0.33755
40000,0.000455556,0.001343333,1.82362,0.320429
40000,0.000455556,0.001562222,1.38802,0.332632
40000,0.000455556,0.001781111,0.222432,0.303974
40000,0.000455556,0.002,0.13875,0.375645
40000,0.000564444,3.00E-05,0.875243,0.485256
40000,0.000564444,0.000248889,1.78573,0.326861
40000,0.000564444,0.000467778,1.74893,0.307715
40000,0.000564444,0.000686667,1.82666,0.335167
40000,0.000564444,0.000905556,1.84923,0.323136
40000,0.000564444,0.001124444,1.82459,0.344729
40000,0.000564444,0.001343333,0.38593,0.38083
40000,0.000564444,0.001562222,0.205242,0.446484
40000,0.000564444,0.001781111,0.688293,0.390094
40000,0.000564444,0.002,0.279826,0.400809
40000,0.000673333,3.00E-05,0.869323,0.491813
40000,0.000673333,0.000248889,1.77304,0.319915
40000,0.000673333,0.000467778,1.7762,0.316015
40000,0.000673333,0.000686667,1.82151,0.315352
40000,0.000673333,0.000905556,1.84101,0.332872
40000,0.000673333,0.001124444,0.323363,0.574076
40000,0.000673333,0.001343333,0.348225,0.747479
40000,0.000673333,0.001562222,0.453435,0.560614
40000,0.000673333,0.001781111,0.427978,0.549684
40000,0.000673333,0.002,0.461869,0.537815
40000,0.000782222,3.00E-05,0.880126,0.492328
40000,0.000782222,0.000248889,1.77412,0.334218
40000,0.000782222,0.000467778,1.76818,0.316143
40000,0.000782222,0.000686667,1.8207,0.330345
40000,0.000782222,0.000905556,1.63322,0.391783
40000,0.000782222,0.001124444,0.472407,0.842324
40000,0.000782222,0.001343333,0.611409,0.79163
40000,0.000782222,0.001562222,4.87224,0.000228899
40000,0.000782222,0.001781111,0.637748,0.662581
40000,0.000782222,0.002,0.383207,0.372162
40000,0.000891111,3.00E-05,0.877851,0.483172
40000,0.000891111,0.000248889,1.78618,0.327065
40000,0.000891111,0.000467778,1.73256,0.307104
40000,0.000891111,0.000686667,5.28965,0.000228842
40000,0.000891111,0.000905556,0.512144,1.00408
40000,0.000891111,0.001124444,1.01361,1.11675
40000,0.000891111,0.001343333,0.852565,1.00599
40000,0.000891111,0.001562222,0.859795,0.884481
40000,0.000891111,0.001781111,0.467057,0.501984
40000,0.000891111,0.002,0.412957,0.476822
40000,0.001,3.00E-05,0.875471,0.489232
40000,0.001,0.000248889,1.79114,0.331019
40000,0.001,0.000467778,1.77038,0.321233
40000,0.001,0.000686667,1.81343,0.327316
40000,0.001,0.000905556,0.815284,1.44204
40000,0.001,0.001124444,1.08104,1.40264
40000,0.001,0.001343333,1.14537,1.26731
40000,0.001,0.001562222,0.664146,0.687414
40000,0.001,0.001781111,0.543578,0.626599
40000,0.001,0.002,0.529076,0.643543
60000,2.00E-05,3.00E-05,1.49496,0.359664
60000,2.00E-05,0.000248889,2.59031,0.374359
60000,2.00E-05,0.000467778,2.60385,0.388397
60000,2.00E-05,0.000686667,2.64713,0.366237
60000,2.00E-05,0.000905556,2.67278,0.355128
60000,2.00E-05,0.001124444,2.71733,0.369373
60000,2.00E-05,0.001343333,2.65815,0.334051
60000,2.00E-05,0.001562222,2.60611,0.35743
60000,2.00E-05,0.001781111,2.68624,0.374424
60000,2.00E-05,0.002,2.88269,0.364392
60000,0.000128889,3.00E-05,1.41881,0.171538
60000,0.000128889,0.000248889,2.58795,0.359596
60000,0.000128889,0.000467778,2.56382,0.380162
60000,0.000128889,0.000686667,2.62422,0.370509
60000,0.000128889,0.000905556,0.000230409,2.68E-09
60000,0.000128889,0.001124444,2.69534,0.37891
60000,0.000128889,0.001343333,2.6087,0.34603
60000,0.000128889,0.001562222,2.6447,0.369195
60000,0.000128889,0.001781111,2.68168,0.374284
60000,0.000128889,0.002,2.88268,0.364392
60000,0.000237778,3.00E-05,1.42797,0.168788
60000,0.000237778,0.000248889,2.59832,0.385438
60000,0.000237778,0.000467778,2.58668,0.389142
60000,0.000237778,0.000686667,2.65273,0.378294
60000,0.000237778,0.000905556,2.62601,0.363102
60000,0.000237778,0.001124444,2.69556,0.367944
60000,0.000237778,0.001343333,2.60842,0.371918
60000,0.000237778,0.001562222,2.60933,0.375125
60000,0.000237778,0.001781111,2.69318,0.363093
60000,0.000237778,0.002,4.87108,0.000228875
60000,0.000346667,3.00E-05,1.41369,0.182198
60000,0.000346667,0.000248889,5.62677,0.000228761
60000,0.000346667,0.000467778,5.62681,0.000228761
60000,0.000346667,0.000686667,0.000230409,2.86E-09
60000,0.000346667,0.000905556,2.69237,0.391012
60000,0.000346667,0.001124444,2.75218,0.345356
60000,0.000346667,0.001343333,5.00862,0.000228854
60000,0.000346667,0.001562222,2.66298,0.383274
60000,0.000346667,0.001781111,2.7101,0.377387
60000,0.000346667,0.002,2.60756,0.367461
60000,0.000455556,3.00E-05,1.4092,0.156067
60000,0.000455556,0.000248889,2.56375,0.354719
60000,0.000455556,0.000467778,2.63126,0.360596
60000,0.000455556,0.000686667,2.63555,0.375577
60000,0.000455556,0.000905556,2.66735,0.375107
60000,0.000455556,0.001124444,2.70564,0.352658
60000,0.000455556,0.001343333,2.64481,0.344743
60000,0.000455556,0.001562222,0.0463055,0.111131
60000,0.000455556,0.001781111,0.357248,0.306599
60000,0.000455556,0.002,0.154307,0.351579
60000,0.000564444,3.00E-05,1.42648,0.148025
60000,0.000564444,0.000248889,2.61807,0.358246
60000,0.000564444,0.000467778,2.53615,0.380789
60000,0.000564444,0.000686667,2.59089,0.360512
60000,0.000564444,0.000905556,2.65709,0.393978
60000,0.000564444,0.001124444,2.67768,0.373111
60000,0.000564444,0.001343333,1.01282,0.372689
60000,0.000564444,0.001562222,0.229232,0.456453
60000,0.000564444,0.001781111,2.95105,0.205205
60000,0.000564444,0.002,0.302215,0.402938
60000,0.000673333,3.00E-05,1.4338,0.155768
60000,0.000673333,0.000248889,2.58287,0.363863
60000,0.000673333,0.000467778,2.58089,0.359354
60000,0.000673333,0.000686667,2.6164,0.350905
60000,0.000673333,0.000905556,2.69176,0.374721
60000,0.000673333,0.001124444,1.51333,0.421185
60000,0.000673333,0.001343333,0.3443,0.72558
60000,0.000673333,0.001562222,0.467215,0.558745
60000,0.000673333,0.001781111,0.435042,0.554292
60000,0.000673333,0.002,0.446621,0.53801
60000,0.000782222,3.00E-05,1.41748,0.158011
60000,0.000782222,0.000248889,2.6193,0.384921
60000,0.000782222,0.000467778,2.5721,0.375877
60000,0.000782222,0.000686667,2.62147,0.36576
60000,0.000782222,0.000905556,2.36796,0.412211
60000,0.000782222,0.001124444,0.502768,0.863517
60000,0.000782222,0.001343333,0.604666,0.781597
60000,0.000782222,0.001562222,0.61891,0.744823
60000,0.000782222,0.001781111,0.626122,0.661874
60000,0.000782222,0.002,0.389747,0.370087
60000,0.000891111,3.00E-05,1.40799,0.132591
60000,0.000891111,0.000248889,2.53776,0.376833
60000,0.000891111,0.000467778,2.60007,0.375249
60000,0.000891111,0.000686667,2.65126,0.360966
60000,0.000891111,0.000905556,5.15793,0.000228827
60000,0.000891111,0.001124444,1.02272,1.07642
60000,0.000891111,0.001343333,0.872905,1.00518
60000,0.000891111,0.001562222,0.859435,0.881011
60000,0.000891111,0.001781111,0.471107,0.497119
60000,0.000891111,0.002,0.420183,0.479996
60000,0.001,3.00E-05,1.40294,0.125419
60000,0.001,0.000248889,2.60706,0.38091
60000,0.001,0.000467778,5.60618,0.000228723
60000,0.001,0.000686667,2.64728,0.34741
60000,0.001,0.000905556,5.36346,0.206113
60000,0.001,0.001124444,1.10606,1.40719
60000,0.001,0.001343333,1.13007,1.26412
60000,0.001,0.001562222,0.675763,0.686969
60000,0.001,0.001781111,0.542467,0.624555
60000,0.001,0.002,0.531953,0.647823
80000,2.00E-05,3.00E-05,2.11851,-0.124715
80000,2.00E-05,0.000248889,2.91103,0.174329
80000,2.00E-05,0.000467778,3.54492,0.464663
80000,2.00E-05,0.000686667,3.67883,0.402582
80000,2.00E-05,0.000905556,3.5634,0.393745
80000,2.00E-05,0.001124444,3.67095,0.415891
80000,2.00E-05,0.001343333,3.69255,0.394353
80000,2.00E-05,0.001562222,3.79223,0.399472
80000,2.00E-05,0.001781111,0.000230409,2.77E-09
80000,2.00E-05,0.002,3.65537,0.397545
80000,0.000128889,3.00E-05,2.04446,-0.210294
80000,0.000128889,0.000248889,3.01463,0.165823
80000,0.000128889,0.000467778,3.57439,0.45621
80000,0.000128889,0.000686667,3.71888,0.410759
80000,0.000128889,0.000905556,3.57206,0.414867
80000,0.000128889,0.001124444,3.69222,0.408788
80000,0.000128889,0.001343333,3.68488,0.382615
80000,0.000128889,0.001562222,3.78048,0.399418
80000,0.000128889,0.001781111,3.53995,0.404233
80000,0.000128889,0.002,3.69869,0.397438
80000,0.000237778,3.00E-05,2.05868,-0.15369
80000,0.000237778,0.000248889,3.01021,0.159392
80000,0.000237778,0.000467778,3.57591,0.397385
80000,0.000237778,0.000686667,3.65023,0.390705
80000,0.000237778,0.000905556,3.54163,0.383905
80000,0.000237778,0.001124444,3.54024,0.404951
80000,0.000237778,0.001343333,5.00863,0.000228854
80000,0.000237778,0.001562222,3.70321,0.412302
80000,0.000237778,0.001781111,0.000230409,4.28E-09
80000,0.000237778,0.002,3.79489,0.398604
80000,0.000346667,3.00E-05,2.0529,-0.166152
80000,0.000346667,0.000248889,5.62676,0.000228761
80000,0.000346667,0.000467778,5.62681,0.000228761
80000,0.000346667,0.000686667,3.67707,0.39978
80000,0.000346667,0.000905556,3.53948,0.399948
80000,0.000346667,0.001124444,3.69843,0.39896
80000,0.000346667,0.001343333,0.000230409,4.06E-07
80000,0.000346667,0.001562222,4.96392,0.000228868
80000,0.000346667,0.001781111,0.000230396,0.000106465
80000,0.000346667,0.002,3.63582,0.3906
80000,0.000455556,3.00E-05,2.00781,-0.214859
80000,0.000455556,0.000248889,2.7985,0.110544
80000,0.000455556,0.000467778,3.51439,0.461903
80000,0.000455556,0.000686667,5.24134,0.000228818
80000,0.000455556,0.000905556,5.1755,0.000228829
80000,0.000455556,0.001124444,3.7006,0.411576
80000,0.000455556,0.001343333,3.65446,0.397531
80000,0.000455556,0.001562222,2.73083,0.357967
80000,0.000455556,0.001781111,0.695623,0.324296
80000,0.000455556,0.002,0.145903,0.353664
80000,0.000564444,3.00E-05,2.03692,-0.198613
80000,0.000564444,0.000248889,0.000230409,4.63E-07
80000,0.000564444,0.000467778,5.62488,0.000228763
80000,0.000564444,0.000686667,3.68833,0.405108
80000,0.000564444,0.000905556,3.59564,0.402366
80000,0.000564444,0.001124444,3.61336,0.400845
80000,0.000564444,0.001343333,1.47647,0.31061
80000,0.000564444,0.001562222,5.31472,0.000228804
80000,0.000564444,0.001781111,0.369237,0.532369
80000,0.000564444,0.002,0.279527,0.400842
80000,0.000673333,3.00E-05,2.04332,-0.207088
80000,0.000673333,0.000248889,2.90643,0.137826
80000,0.000673333,0.000467778,3.58346,0.44891
80000,0.000673333,0.000686667,0.000230413,1.37E-05
80000,0.000673333,0.000905556,5.06544,0.000228847
80000,0.000673333,0.001124444,1.64663,0.453756
80000,0.000673333,0.001343333,0.344167,0.721035
80000,0.000673333,0.001562222,0.471515,0.557169
80000,0.000673333,0.001781111,0.429663,0.550876
80000,0.000673333,0.002,0.438424,0.536545
80000,0.000782222,3.00E-05,2.03807,-0.193866
80000,0.000782222,0.000248889,2.89924,0.174685
80000,0.000782222,0.000467778,3.5329,0.460563
80000,0.000782222,0.000686667,5.25193,0.000228838
80000,0.000782222,0.000905556,5.77581,0.093882
80000,0.000782222,0.001124444,2.56726,0.51725
80000,0.000782222,0.001343333,0.602637,0.771557
80000,0.000782222,0.001562222,4.9694,0.000228863
80000,0.000782222,0.001781111,0.623746,0.667541
80000,0.000782222,0.002,0.393752,0.369222
80000,0.000891111,3.00E-05,2.02185,-0.210674
80000,0.000891111,0.000248889,2.94603,0.161848
80000,0.000891111,0.000467778,5.62667,0.000228777
80000,0.000891111,0.000686667,3.67455,0.379207
80000,0.000891111,0.000905556,1.36505,0.823775
80000,0.000891111,0.001124444,5.0577,0.000228853
80000,0.000891111,0.001343333,0.836528,1.00007
80000,0.000891111,0.001562222,0.84839,0.889298
80000,0.000891111,0.001781111,4.92919,0.000228865
80000,0.000891111,0.002,0.415952,0.479285
80000,0.001,3.00E-05,2.03805,-0.198737
80000,0.001,0.000248889,3.00623,0.16026
80000,0.001,0.000467778,3.52949,0.434492
80000,0.001,0.000686667,3.68834,0.399787
80000,0.001,0.000905556,0.796098,1.44664
80000,0.001,0.001124444,1.07356,1.40019
80000,0.001,0.001343333,1.13632,1.26657
80000,0.001,0.001562222,0.66826,0.687329
80000,0.001,0.001781111,0.540889,0.624494
80000,0.001,0.002,0.531041,0.643658
100000,2.00E-05,3.00E-05,3.52759,0.583797
100000,2.00E-05,0.000248889,4.34615,0.422129
100000,2.00E-05,0.000467778,4.55279,0.439003
100000,2.00E-05,0.000686667,4.35135,0.412625
100000,2.00E-05,0.000905556,4.3767,0.444808
100000,2.00E-05,0.001124444,4.49528,0.416273
100000,2.00E-05,0.001343333,4.59225,0.430761
100000,2.00E-05,0.001562222,4.3989,0.404606
100000,2.00E-05,0.001781111,4.54511,0.462443
100000,2.00E-05,0.002,4.29661,0.400537
100000,0.000128889,3.00E-05,3.47436,0.572575
100000,0.000128889,0.000248889,4.41712,0.424758
100000,0.000128889,0.000467778,4.59874,0.435812
100000,0.000128889,0.000686667,4.39448,0.434771
100000,0.000128889,0.000905556,4.39713,0.44216
100000,0.000128889,0.001124444,4.48931,0.419504
100000,0.000128889,0.001343333,4.53308,0.424408
100000,0.000128889,0.001562222,4.383,0.415173
100000,0.000128889,0.001781111,4.53583,0.442982
100000,0.000128889,0.002,4.87106,0.000228876
100000,0.000237778,3.00E-05,3.48551,0.582817
100000,0.000237778,0.000248889,4.44612,0.435653
100000,0.000237778,0.000467778,4.66175,0.443083
100000,0.000237778,0.000686667,4.37565,0.431428
100000,0.000237778,0.000905556,4.36811,0.422123
100000,0.000237778,0.001124444,4.47417,0.428665
100000,0.000237778,0.001343333,4.58347,0.451046
100000,0.000237778,0.001562222,4.39372,0.39483
100000,0.000237778,0.001781111,4.91348,0.000228869
100000,0.000237778,0.002,0.000230409,1.72E-07
100000,0.000346667,3.00E-05,3.48418,0.578112
100000,0.000346667,0.000248889,5.62676,0.000228761
100000,0.000346667,0.000467778,5.62681,0.000228761
100000,0.000346667,0.000686667,0.000230409,2.60E-09
100000,0.000346667,0.000905556,4.40896,0.438826
100000,0.000346667,0.001124444,4.46841,0.418845
100000,0.000346667,0.001343333,4.52228,0.443116
100000,0.000346667,0.001562222,4.96363,0.000228868
100000,0.000346667,0.001781111,0.000230409,7.01E-05
100000,0.000346667,0.002,4.32136,0.446755
100000,0.000455556,3.00E-05,3.43924,0.565993
100000,0.000455556,0.000248889,4.4069,0.439941
100000,0.000455556,0.000467778,4.69722,0.434892
100000,0.000455556,0.000686667,4.36883,0.442956
100000,0.000455556,0.000905556,4.39317,0.411431
100000,0.000455556,0.001124444,4.48198,0.436581
100000,0.000455556,0.001343333,4.49873,0.417891
100000,0.000455556,0.001562222,3.26448,0.376542
100000,0.000455556,0.001781111,1.26415,0.320315
100000,0.000455556,0.002,0.148039,0.352273
100000,0.000564444,3.00E-05,3.47495,0.593019
100000,0.000564444,0.000248889,4.445,0.437199
100000,0.000564444,0.000467778,4.5214,0.435135
100000,0.000564444,0.000686667,4.42776,0.419151
100000,0.000564444,0.000905556,0.000230407,7.14E-06
100000,0.000564444,0.001124444,4.42117,0.433587
100000,0.000564444,0.001343333,1.51176,0.40677
100000,0.000564444,0.001562222,0.202475,0.439644
100000,0.000564444,0.001781111,0.373846,0.530779
100000,0.000564444,0.002,0.279979,0.401376
100000,0.000673333,3.00E-05,3.48064,0.562022
100000,0.000673333,0.000248889,4.38799,0.441723
100000,0.000673333,0.000467778,5.6219,0.000228759
100000,0.000673333,0.000686667,4.40962,0.434917
100000,0.000673333,0.000905556,5.0624,0.000228843
100000,0.000673333,0.001124444,5.22717,0.000228978
100000,0.000673333,0.001343333,0.341116,0.712551
100000,0.000673333,0.001562222,0.464779,0.551515
100000,0.000673333,0.001781111,0.428231,0.55006
100000,0.000673333,0.002,0.439707,0.537165
100000,0.000782222,3.00E-05,3.44935,0.587353
100000,0.000782222,0.000248889,4.4069,0.44883
100000,0.000782222,0.000467778,4.46912,0.439204
100000,0.000782222,0.000686667,5.2546,0.000228838
100000,0.000782222,0.000905556,4.29404,0.486522
100000,0.000782222,0.001124444,0.465967,0.834782
100000,0.000782222,0.001343333,0.603424,0.770697
100000,0.000782222,0.001562222,0.628022,0.74138
100000,0.000782222,0.001781111,0.624162,0.665112
100000,0.000782222,0.002,0.396872,0.366891
100000,0.000891111,3.00E-05,3.47159,0.573432
100000,0.000891111,0.000248889,4.44054,0.446231
100000,0.000891111,0.000467778,5.62655,0.000228777
100000,0.000891111,0.000686667,5.28832,0.000228843
100000,0.000891111,0.000905556,1.42932,0.811902
100000,0.000891111,0.001124444,1.03303,1.08704
100000,0.000891111,0.001343333,0.832617,0.997266
100000,0.000891111,0.001562222,4.97956,0.000228862
100000,0.000891111,0.001781111,0.468674,0.497404
100000,0.000891111,0.002,5.25419,0.000228942
100000,0.001,3.00E-05,3.47897,0.57681
100000,0.001,0.000248889,4.43831,0.430932
100000,0.001,0.000467778,5.65819,0.000228778
100000,0.001,0.000686667,5.34403,0.000228832
100000,0.001,0.000905556,5.14678,0.000228833
100000,0.001,0.001124444,1.06478,1.39652
100000,0.001,0.001343333,1.12538,1.26465
100000,0.001,0.001562222,0.672161,0.687948
100000,0.001,0.001781111,0.5453,0.625955
100000,0.001,0.002,0.529376,0.641288
120000,2.00E-05,3.00E-05,4.106,0.654827
120000,2.00E-05,0.000248889,5.15037,0.466732
120000,2.00E-05,0.000467778,5.12198,0.477547
120000,2.00E-05,0.000686667,5.29727,0.47439
120000,2.00E-05,0.000905556,5.53835,0.457681
120000,2.00E-05,0.001124444,5.58235,0.472301
120000,2.00E-05,0.001343333,5.168,0.499183
120000,2.00E-05,0.001562222,5.15288,0.482213
120000,2.00E-05,0.001781111,5.32275,0.497755
120000,2.00E-05,0.002,5.38769,0.480502
120000,0.000128889,3.00E-05,4.13054,0.643701
120000,0.000128889,0.000248889,5.12984,0.475743
120000,0.000128889,0.000467778,5.13605,0.456108
120000,0.000128889,0.000686667,5.30957,0.479507
120000,0.000128889,0.000905556,5.50612,0.444686
120000,0.000128889,0.001124444,5.58719,0.467495
120000,0.000128889,0.001343333,5.18696,0.465982
120000,0.000128889,0.001562222,5.23248,0.48045
120000,0.000128889,0.001781111,5.37529,0.494007
120000,0.000128889,0.002,5.38299,0.441166
120000,0.000237778,3.00E-05,4.10407,0.641819
120000,0.000237778,0.000248889,5.1318,0.505312
120000,0.000237778,0.000467778,5.14196,0.485886
120000,0.000237778,0.000686667,5.37509,0.483069
120000,0.000237778,0.000905556,5.53361,0.433787
120000,0.000237778,0.001124444,5.55026,0.461732
120000,0.000237778,0.001343333,5.00863,0.000228856
120000,0.000237778,0.001562222,5.23545,0.455476
120000,0.000237778,0.001781111,4.91345,0.00022887
120000,0.000237778,0.002,5.43596,0.465141
120000,0.000346667,3.00E-05,4.08598,0.646402
120000,0.000346667,0.000248889,5.19069,0.487458
120000,0.000346667,0.000467778,5.16129,0.47687
120000,0.000346667,0.000686667,0.000230408,3.60E-09
120000,0.000346667,0.000905556,5.52109,0.458027
120000,0.000346667,0.001124444,5.55521,0.47046
120000,0.000346667,0.001343333,5.00862,0.000228856
120000,0.000346667,0.001562222,4.95837,0.000228863
120000,0.000346667,0.001781111,4.91239,0.000228871
120000,0.000346667,0.002,5.32859,0.460694
120000,0.000455556,3.00E-05,4.11393,0.656007
120000,0.000455556,0.000248889,5.08088,0.487752
120000,0.000455556,0.000467778,5.62616,0.000228762
120000,0.000455556,0.000686667,5.26894,0.443804
120000,0.000455556,0.000905556,5.17559,0.000228834
120000,0.000455556,0.001124444,5.51799,0.466346
120000,0.000455556,0.001343333,5.22688,0.470478
120000,0.000455556,0.001562222,0.0544688,0.0802172
120000,0.000455556,0.001781111,4.90524,0.000228872
120000,0.000455556,0.002,0.145591,0.35719
120000,0.000564444,3.00E-05,4.113,0.665041
120000,0.000564444,0.000248889,5.19217,0.491219
120000,0.000564444,0.000467778,5.18847,0.47226
120000,0.000564444,0.000686667,5.32919,0.482495
120000,0.000564444,0.000905556,0.000230404,4.03E-05
120000,0.000564444,0.001124444,0.000230364,0.00243813
120000,0.000564444,0.001343333,1.76688,0.412373
120000,0.000564444,0.001562222,0.207895,0.449744
120000,0.000564444,0.001781111,0.369566,0.532388
120000,0.000564444,0.002,0.279809,0.400904
120000,0.000673333,3.00E-05,4.07244,0.656867
120000,0.000673333,0.000248889,5.18391,0.480641
120000,0.000673333,0.000467778,5.09842,0.462595
120000,0.000673333,0.000686667,5.34096,0.468227
120000,0.000673333,0.000905556,5.06482,0.000228846
120000,0.000673333,0.001124444,5.22851,0.000228979
120000,0.000673333,0.001343333,0.343423,0.701795
120000,0.000673333,0.001562222,0.457445,0.555646
120000,0.000673333,0.001781111,0.428437,0.550243
120000,0.000673333,0.002,0.440529,0.536727
120000,0.000782222,3.00E-05,4.0988,0.645106
120000,0.000782222,0.000248889,5.15316,0.471378
120000,0.000782222,0.000467778,5.18442,0.468141
120000,0.000782222,0.000686667,5.25364,0.000228839
120000,0.000782222,0.000905556,0.000230376,0.00352926
120000,0.000782222,0.001124444,0.46164,0.80987
120000,0.000782222,0.001343333,0.603026,0.778324
120000,0.000782222,0.001562222,0.613033,0.741998
120000,0.000782222,0.001781111,0.624311,0.667063
120000,0.000782222,0.002,0.399837,0.36654
120000,0.000891111,3.00E-05,4.12278,0.655471
120000,0.000891111,0.000248889,5.16568,0.487145
120000,0.000891111,0.000467778,5.62646,0.000228778
120000,0.000891111,0.000686667,5.30903,0.492858
120000,0.000891111,0.000905556,0.410297,0.663804
120000,0.000891111,0.001124444,1.02551,1.1004
120000,0.000891111,0.001343333,0.832763,0.997471
120000,0.000891111,0.001562222,0.84654,0.890105
120000,0.000891111,0.001781111,0.470884,0.497572
120000,0.000891111,0.002,0.415479,0.478621
120000,0.001,3.00E-05,4.09161,0.642186
120000,0.001,0.000248889,5.20448,0.476909
120000,0.001,0.000467778,5.15136,0.473002
120000,0.001,0.000686667,0.000230391,0.000881863
120000,0.001,0.000905556,0.771987,1.41416
120000,0.001,0.001124444,1.06993,1.39885
120000,0.001,0.001343333,1.11512,1.26116
120000,0.001,0.001562222,0.674248,0.687721
120000,0.001,0.001781111,0.542003,0.625245
120000,0.001,0.002,0.530731,0.643733
140000,2.00E-05,3.00E-05,4.85531,0.623553
140000,2.00E-05,0.000248889,5.6185,0.571583
140000,2.00E-05,0.000467778,5.9803,0.610974
140000,2.00E-05,0.000686667,4.99498,1.0416
140000,2.00E-05,0.000905556,6.18941,0.48333
140000,2.00E-05,0.001124444,4.74899,0.168544
140000,2.00E-05,0.001343333,5.54853,0.573798
140000,2.00E-05,0.001562222,5.81612,0.517092
140000,2.00E-05,0.001781111,6.18973,0.486577
140000,2.00E-05,0.002,5.5453,0.596871
140000,0.000128889,3.00E-05,0.000230409,2.91E-09
140000,0.000128889,0.000248889,5.41552,0.603341
140000,0.000128889,0.000467778,5.9166,0.582227
140000,0.000128889,0.000686667,4.96431,1.01006
140000,0.000128889,0.000905556,6.21622,0.478966
140000,0.000128889,0.001124444,4.81829,0.21103
140000,0.000128889,0.001343333,5.62867,0.595753
140000,0.000128889,0.001562222,5.72379,0.528507
140000,0.000128889,0.001781111,6.26011,0.495682
140000,0.000128889,0.002,5.54862,0.590536
140000,0.000237778,3.00E-05,4.98006,0.671216
140000,0.000237778,0.000248889,5.27184,0.625219
140000,0.000237778,0.000467778,5.72659,0.902852
140000,0.000237778,0.000686667,5.79804,1.02866
140000,0.000237778,0.000905556,6.45623,0.552793
140000,0.000237778,0.001124444,5.21312,0.0705455
140000,0.000237778,0.001343333,5.00863,0.000228854
140000,0.000237778,0.001562222,5.61957,0.246779
140000,0.000237778,0.001781111,5.7405,0.345533
140000,0.000237778,0.002,5.47412,0.329087
140000,0.000346667,3.00E-05,4.92538,0.660631
140000,0.000346667,0.000248889,5.62676,0.000228761
140000,0.000346667,0.000467778,5.62672,0.000228761
140000,0.000346667,0.000686667,4.93485,1.05939
140000,0.000346667,0.000905556,6.25789,0.495259
140000,0.000346667,0.001124444,4.69718,0.0961693
140000,0.000346667,0.001343333,5.62995,0.578854
140000,0.000346667,0.001562222,4.96635,0.000228869
140000,0.000346667,0.001781111,0.000230407,5.35E-05
140000,0.000346667,0.002,4.89907,0.000228871
140000,0.000455556,3.00E-05,4.9535,0.642743
140000,0.000455556,0.000248889,5.43288,0.55409
140000,0.000455556,0.000467778,5.85373,0.563732
140000,0.000455556,0.000686667,4.92272,1.01731
140000,0.000455556,0.000905556,5.17686,0.000228828
140000,0.000455556,0.001124444,4.73282,0.179049
140000,0.000455556,0.001343333,0.000230419,0.000718088
140000,0.000455556,0.001562222,0.0369585,0.0837281
140000,0.000455556,0.001781111,1.77018,0.360374
140000,0.000455556,0.002,0.151166,0.34719
140000,0.000564444,3.00E-05,4.8375,0.663731
140000,0.000564444,0.000248889,5.38765,0.647138
140000,0.000564444,0.000467778,5.84376,0.589027
140000,0.000564444,0.000686667,0.000230409,9.50E-07
140000,0.000564444,0.000905556,6.1758,0.482394
140000,0.000564444,0.001124444,5.00649,0.000228879
140000,0.000564444,0.001343333,3.05482,0.147122
140000,0.000564444,0.001562222,0.215615,0.442537
140000,0.000564444,0.001781111,4.98748,0.0015366
140000,0.000564444,0.002,0.277269,0.39898
140000,0.000673333,3.00E-05,4.82854,0.639398
140000,0.000673333,0.000248889,5.40627,0.63045
140000,0.000673333,0.000467778,5.90793,0.615531
140000,0.000673333,0.000686667,5.2452,0.000228819
140000,0.000673333,0.000905556,5.20193,0.000228836
140000,0.000673333,0.001124444,4.94269,0.0149207
140000,0.000673333,0.001343333,0.337073,0.69477
140000,0.000673333,0.001562222,0.462302,0.551685
140000,0.000673333,0.001781111,0.430296,0.55103
140000,0.000673333,0.002,0.437169,0.536047
140000,0.000782222,3.00E-05,4.856,0.652698
140000,0.000782222,0.000248889,5.44031,0.581698
140000,0.000782222,0.000467778,5.61567,0.000228765
140000,0.000782222,0.000686667,0.000230415,0.000130239
140000,0.000782222,0.000905556,0.000230313,0.0123294
140000,0.000782222,0.001124444,0.454019,0.820333
140000,0.000782222,0.001343333,0.603384,0.776173
140000,0.000782222,0.001562222,0.610808,0.740505
140000,0.000782222,0.001781111,0.620257,0.666936
140000,0.000782222,0.002,0.393678,0.368252
140000,0.000891111,3.00E-05,4.87291,0.656761
140000,0.000891111,0.000248889,5.3902,0.545783
140000,0.000891111,0.000467778,5.92306,0.572747
140000,0.000891111,0.000686667,5.2916,0.000228842
140000,0.000891111,0.000905556,5.25074,0.000228794
140000,0.000891111,0.001124444,4.9663,0.0002288
140000,0.000891111,0.001343333,0.835186,0.99831
140000,0.000891111,0.001562222,0.846752,0.88816
140000,0.000891111,0.001781111,0.468272,0.497045
140000,0.000891111,0.002,0.412951,0.47714
140000,0.001,3.00E-05,4.91217,0.664805
140000,0.001,0.000248889,5.38499,0.641835
140000,0.001,0.000467778,5.92404,0.594331
140000,0.001,0.000686667,5.344,0.000228832
140000,0.001,0.000905556,0.776628,1.38824
140000,0.001,0.001124444,1.06549,1.3972
140000,0.001,0.001343333,5.03833,0.00022886
140000,0.001,0.001562222,0.671674,0.68739
140000,0.001,0.001781111,0.542161,0.624423
140000,0.001,0.002,0.530734,0.64183
160000,2.00E-05,3.00E-05,5.77956,0.788631
160000,2.00E-05,0.000248889,7.22313,0.539537
160000,2.00E-05,0.000467778,5.62674,0.000228761
160000,2.00E-05,0.000686667,7.26285,0.517015
160000,2.00E-05,0.000905556,7.3396,0.520704
160000,2.00E-05,0.001124444,5.06337,0.000228846
160000,2.00E-05,0.001343333,7.01398,0.496659
160000,2.00E-05,0.001562222,7.23469,0.52823
160000,2.00E-05,0.001781111,7.14869,0.513228
160000,2.00E-05,0.002,7.14067,0.510853
160000,0.000128889,3.00E-05,5.62674,0.000228761
160000,0.000128889,0.000248889,7.15843,0.530986
160000,0.000128889,0.000467778,7.26047,0.560234
160000,0.000128889,0.000686667,5.24152,0.000228818
160000,0.000128889,0.000905556,5.17663,0.000228828
160000,0.000128889,0.001124444,0.000230409,2.62E-09
160000,0.000128889,0.001343333,6.96986,0.502229
160000,0.000128889,0.001562222,7.52435,0.537978
160000,0.000128889,0.001781111,7.14817,0.519609
160000,0.000128889,0.002,7.21233,0.519833
160000,0.000237778,3.00E-05,5.78045,0.804231
160000,0.000237778,0.000248889,7.16185,0.537888
160000,0.000237778,0.000467778,7.22638,0.535289
160000,0.000237778,0.000686667,0.000230409,2.71E-09
160000,0.000237778,0.000905556,7.3443,0.514977
160000,0.000237778,0.001124444,7.20348,0.526305
160000,0.000237778,0.001343333,5.00863,0.000228854
160000,0.000237778,0.001562222,7.17364,0.504408
160000,0.000237778,0.001781111,7.25651,0.543667
160000,0.000237778,0.002,7.17807,0.541172
160000,0.000346667,3.00E-05,5.7548,0.792418
160000,0.000346667,0.000248889,7.1677,0.535884
160000,0.000346667,0.000467778,7.25475,0.535974
160000,0.000346667,0.000686667,5.24151,0.000228818
160000,0.000346667,0.000905556,7.33334,0.544688
160000,0.000346667,0.001124444,7.43543,0.526828
160000,0.000346667,0.001343333,7.42881,0.520846
160000,0.000346667,0.001562222,4.96651,0.000228869
160000,0.000346667,0.001781111,0.0002304,5.70E-05
160000,0.000346667,0.002,7.06133,0.495713
160000,0.000455556,3.00E-05,5.76247,0.795375
160000,0.000455556,0.000248889,7.18552,0.531418
160000,0.000455556,0.000467778,7.20204,0.536777
160000,0.000455556,0.000686667,7.28016,0.545053
160000,0.000455556,0.000905556,5.17551,0.000228829
160000,0.000455556,0.001124444,7.23,0.522441
160000,0.000455556,0.001343333,5.00939,0.000228852
160000,0.000455556,0.001562222,4.61404,0.00173986
160000,0.000455556,0.001781111,2.45365,0.122751
160000,0.000455556,0.002,0.153217,0.347629
160000,0.000564444,3.00E-05,5.76763,0.773813
160000,0.000564444,0.000248889,7.16394,0.546784
160000,0.000564444,0.000467778,7.22911,0.54532
160000,0.000564444,0.000686667,7.27112,0.552148
160000,0.000564444,0.000905556,0.000230405,2.05E-05
160000,0.000564444,0.001124444,0.000230402,0.0014991
160000,0.000564444,0.001343333,0.122419,0.249954
160000,0.000564444,0.001562222,0.205265,0.443351
160000,0.000564444,0.001781111,0.36856,0.532611
160000,0.000564444,0.002,0.278456,0.399713
160000,0.000673333,3.00E-05,5.7598,0.777805
160000,0.000673333,0.000248889,7.20948,0.53396
160000,0.000673333,0.000467778,7.20459,0.529019
160000,0.000673333,0.000686667,7.23379,0.506589
160000,0.000673333,0.000905556,5.06521,0.000228846
160000,0.000673333,0.001124444,0.180823,0.357132
160000,0.000673333,0.001343333,0.338603,0.697969
160000,0.000673333,0.001562222,0.460911,0.551441
160000,0.000673333,0.001781111,0.425304,0.548295
160000,0.000673333,0.002,0.437985,0.536433
160000,0.000782222,3.00E-05,5.76573,0.79194
160000,0.000782222,0.000248889,7.21583,0.528733
160000,0.000782222,0.000467778,5.61566,0.000228765
160000,0.000782222,0.000686667,0.000230415,0.000111006
160000,0.000782222,0.000905556,5.16871,0.000228825
160000,0.000782222,0.001124444,5.85978,0.000228941
160000,0.000782222,0.001343333,0.604256,0.774395
160000,0.000782222,0.001562222,0.606012,0.738299
160000,0.000782222,0.001781111,0.620433,0.668148
160000,0.000782222,0.002,0.394143,0.36808
160000,0.000891111,3.00E-05,5.73853,0.779298
160000,0.000891111,0.000248889,7.16433,0.551147
160000,0.000891111,0.000467778,5.62664,0.000228777
160000,0.000891111,0.000686667,5.29044,0.000228842
160000,0.000891111,0.000905556,4.07707,0.442418
160000,0.000891111,0.001124444,5.05767,0.000228853
160000,0.000891111,0.001343333,5.52921,0.0187424
160000,0.000891111,0.001562222,0.84381,0.890769
160000,0.000891111,0.001781111,0.47038,0.49738
160000,0.000891111,0.002,0.415527,0.478317
160000,0.001,3.00E-05,5.77276,0.789285
160000,0.001,0.000248889,7.16665,0.526269
160000,0.001,0.000467778,5.6061,0.000228723
160000,0.001,0.000686667,5.34391,0.000228832
160000,0.001,0.000905556,0.779808,1.39654
160000,0.001,0.001124444,4.5889,0.701287
160000,0.001,0.001343333,1.12156,1.26288
160000,0.001,0.001562222,0.67285,0.687802
160000,0.001,0.001781111,0.54104,0.624514
160000,0.001,0.002,0.531264,0.643694
180000,2.00E-05,3.00E-05,6.93198,0.569698
180000,2.00E-05,0.000248889,7.82009,0.56362
180000,2.00E-05,0.000467778,5.62674,0.000228809
180000,2.00E-05,0.000686667,8.1616,0.473306
180000,2.00E-05,0.000905556,8.40825,0.677062
180000,2.00E-05,0.001124444,7.82241,0.560121
180000,2.00E-05,0.001343333,5.00863,0.000228875
180000,2.00E-05,0.001562222,7.97575,0.512025
180000,2.00E-05,0.001781111,8.15825,0.482424
180000,2.00E-05,0.002,8.14079,0.469988
180000,0.000128889,3.00E-05,6.94498,0.63115
180000,0.000128889,0.000248889,5.62674,0.00022879
180000,0.000128889,0.000467778,7.82318,0.804296
180000,0.000128889,0.000686667,8.08114,0.513097
180000,0.000128889,0.000905556,8.17613,0.691754
180000,0.000128889,0.001124444,7.85223,0.565306
180000,0.000128889,0.001343333,8.32696,0.448831
180000,0.000128889,0.001562222,7.97482,0.491166
180000,0.000128889,0.001781111,0.000230426,2.63E-09
180000,0.000128889,0.002,8.04075,0.478003
180000,0.000237778,3.00E-05,6.87312,0.654224
180000,0.000237778,0.000248889,7.7889,0.572843
180000,0.000237778,0.000467778,7.79959,0.795733
180000,0.000237778,0.000686667,0.000230428,2.71E-09
180000,0.000237778,0.000905556,0.000230423,2.68E-09
180000,0.000237778,0.001124444,0.000230434,2.66E-09
180000,0.000237778,0.001343333,5.00863,0.000228871
180000,0.000237778,0.001562222,8.01098,0.504483
180000,0.000237778,0.001781111,0.000230425,5.23E-09
180000,0.000237778,0.002,0.000230413,1.16E-07
180000,0.000346667,3.00E-05,6.83932,0.69114
180000,0.000346667,0.000248889,7.7548,0.587412
180000,0.000346667,0.000467778,7.835,0.780215
180000,0.000346667,0.000686667,0.000230432,2.57E-09
180000,0.000346667,0.000905556,8.18568,0.709295
180000,0.000346667,0.001124444,7.80279,0.56314
180000,0.000346667,0.001343333,0.000230461,3.90E-07
180000,0.000346667,0.001562222,7.99505,0.505029
180000,0.000346667,0.001781111,0.000230416,4.59E-05
180000,0.000346667,0.002,8.02836,0.498427
180000,0.000455556,3.00E-05,6.84665,0.709206
180000,0.000455556,0.000248889,7.77874,0.56876
180000,0.000455556,0.000467778,7.50986,0.731332
180000,0.000455556,0.000686667,0.000230421,1.03E-08
180000,0.000455556,0.000905556,8.10479,0.607695
180000,0.000455556,0.001124444,5.0632,0.000228863
180000,0.000455556,0.001343333,0.000230416,0.00067911
180000,0.000455556,0.001562222,0.0515533,0.0862839
180000,0.000455556,0.001781111,2.34826,0.390504
180000,0.000455556,0.002,0.149736,0.351873
180000,0.000564444,3.00E-05,6.85802,0.717736
180000,0.000564444,0.000248889,7.686,0.543138
180000,0.000564444,0.000467778,7.97431,0.619424
180000,0.000564444,0.000686667,0.000230431,1.01E-06
180000,0.000564444,0.000905556,0.00023042,1.28E-05
180000,0.000564444,0.001124444,0.00023036,0.00367552
180000,0.000564444,0.001343333,0.137865,0.26472
180000,0.000564444,0.001562222,0.209194,0.448137
180000,0.000564444,0.001781111,0.368484,0.531746
180000,0.000564444,0.002,0.278805,0.399785
180000,0.000673333,3.00E-05,6.8274,0.685639
180000,0.000673333,0.000248889,7.85507,0.561256
180000,0.000673333,0.000467778,7.91722,0.702873
180000,0.000673333,0.000686667,8.03858,0.518022
180000,0.000673333,0.000905556,5.06453,0.000228865
180000,0.000673333,0.001124444,4.93004,0.0141342
180000,0.000673333,0.001343333,0.334446,0.692756
180000,0.000673333,0.001562222,0.462859,0.55244
180000,0.000673333,0.001781111,0.424655,0.548047
180000,0.000673333,0.002,0.435313,0.53565
180000,0.000782222,3.00E-05,6.84568,0.7122
180000,0.000782222,0.000248889,7.77735,0.580539
180000,0.000782222,0.000467778,7.80837,0.790775
180000,0.000782222,0.000686667,5.25469,0.00022886
180000,0.000782222,0.000905556,5.02577,0.000228943
180000,0.000782222,0.001124444,0.458179,0.823621
180000,0.000782222,0.001343333,0.603523,0.7711
180000,0.000782222,0.001562222,0.610538,0.740129
180000,0.000782222,0.001781111,0.621156,0.66667
180000,0.000782222,0.002,0.395402,0.367964
180000,0.000891111,3.00E-05,6.88785,0.687486
180000,0.000891111,0.000248889,7.76045,0.571824
180000,0.000891111,0.000467778,5.62632,0.0002288
180000,0.000891111,0.000686667,5.29088,0.000228851
180000,0.000891111,0.000905556,4.12165,0.440177
180000,0.000891111,0.001124444,1.01906,1.11049
180000,0.000891111,0.001343333,0.832404,0.997499
180000,0.000891111,0.001562222,0.844845,0.889018
180000,0.000891111,0.001781111,0.468005,0.496938
180000,0.000891111,0.002,0.413851,0.477377
180000,0.001,3.00E-05,6.84537,0.692406
180000,0.001,0.000248889,7.73357,0.567373
180000,0.001,0.000467778,5.65809,0.000228793
180000,0.001,0.000686667,5.34385,0.000228857
180000,0.001,0.000905556,5.36987,0.195714
180000,0.001,0.001124444,1.05946,1.39447
180000,0.001,0.001343333,1.11466,1.26136
180000,0.001,0.001562222,0.670817,0.687677
180000,0.001,0.001781111,0.543522,0.625427
180000,0.001,0.002,0.531115,0.642377
200000,2.00E-05,3.00E-05,6.20064,0.0268788
200000,2.00E-05,0.000248889,6.92051,-0.347894
200000,2.00E-05,0.000467778,5.62674,0.000228761
200000,2.00E-05,0.000686667,5.24152,0.000228819
200000,2.00E-05,0.000905556,7.46996,0.0578746
200000,2.00E-05,0.001124444,7.03245,-0.434385
200000,2.00E-05,0.001343333,6.57737,-0.831499
200000,2.00E-05,0.001562222,6.0077,-1.08342
200000,2.00E-05,0.001781111,6.26245,-0.982957
200000,2.00E-05,0.002,6.73138,-0.640165
200000,0.000128889,3.00E-05,5.62674,0.000228763
200000,0.000128889,0.000248889,7.04209,-0.324952
200000,0.000128889,0.000467778,6.67334,-0.438759
200000,0.000128889,0.000686667,6.7326,-0.700397
200000,0.000128889,0.000905556,7.31937,0.0029557
200000,0.000128889,0.001124444,7.02373,-0.433971
200000,0.000128889,0.001343333,6.49668,-0.930082
200000,0.000128889,0.001562222,5.75936,-1.30638
200000,0.000128889,0.001781111,6.35434,-0.964112
200000,0.000128889,0.002,6.71499,-0.608725
200000,0.000237778,3.00E-05,6.14358,0.0361992
200000,0.000237778,0.000248889,5.62674,0.000228761
200000,0.000237778,0.000467778,6.68232,-0.40543
200000,0.000237778,0.000686667,0.000230409,2.71E-09
200000,0.000237778,0.000905556,7.23031,-0.0634556
200000,0.000237778,0.001124444,6.69564,-0.683193
200000,0.000237778,0.001343333,5.00863,0.000228854
200000,0.000237778,0.001562222,5.18189,-1.80451
200000,0.000237778,0.001781111,0.000230409,5.55E-09
200000,0.000237778,0.002,0.000230409,1.14E-07
200000,0.000346667,3.00E-05,0.000230409,2.91E-09
200000,0.000346667,0.000248889,5.62676,0.000228761
200000,0.000346667,0.000467778,6.76478,-0.432875
200000,0.000346667,0.000686667,0.000230409,3.59E-09
200000,0.000346667,0.000905556,7.32541,-0.0393997
200000,0.000346667,0.001124444,5.06353,0.000228846
200000,0.000346667,0.001343333,0.000230409,3.83E-07
200000,0.000346667,0.001562222,4.96576,0.000228869
200000,0.000346667,0.001781111,0.000230407,5.10E-05
200000,0.000346667,0.002,4.87176,0.000228877
200000,0.000455556,3.00E-05,0.000230409,2.95E-09
200000,0.000455556,0.000248889,6.92644,-0.422447
200000,0.000455556,0.000467778,6.46223,-0.466065
200000,0.000455556,0.000686667,0.000230409,1.52E-08
200000,0.000455556,0.000905556,5.17556,0.000228829
200000,0.000455556,0.001124444,7.07774,-0.414214
200000,0.000455556,0.001343333,0.000230386,0.00077954
200000,0.000455556,0.001562222,4.95226,0.00022886
200000,0.000455556,0.001781111,0.103307,0.226415
200000,0.000455556,0.002,3.16803,0.117343
200000,0.000564444,3.00E-05,0.000230409,3.97E-09
200000,0.000564444,0.000248889,6.81903,-0.493039
200000,0.000564444,0.000467778,6.70861,-0.40379
200000,0.000564444,0.000686667,5.24186,0.000228819
200000,0.000564444,0.000905556,0.000230408,1.24E-05
200000,0.000564444,0.001124444,5.07519,0.000228843
200000,0.000564444,0.001343333,0.142248,0.261292
200000,0.000564444,0.001562222,0.203458,0.440265
200000,0.000564444,0.001781111,2.97883,0.198868
200000,0.000564444,0.002,0.277808,0.399217
200000,0.000673333,3.00E-05,0.000230409,1.01E-08
200000,0.000673333,0.000248889,6.98753,-0.345269
200000,0.000673333,0.000467778,6.44396,-0.549192
200000,0.000673333,0.000686667,6.60346,-0.717838
200000,0.000673333,0.000905556,0.000230433,0.000792067
200000,0.000673333,0.001124444,0.205436,0.350479
200000,0.000673333,0.001343333,4.96304,0.000228838
200000,0.000673333,0.001562222,0.466275,0.549303
200000,0.000673333,0.001781111,0.425387,0.548254
200000,0.000673333,0.002,0.436418,0.536037
200000,0.000782222,3.00E-05,6.17017,0.0279896
200000,0.000782222,0.000248889,7.05004,-0.238003
200000,0.000782222,0.000467778,6.52655,-0.653392
200000,0.000782222,0.000686667,0.000230415,0.000118058
200000,0.000782222,0.000905556,0.000230288,0.0220446
200000,0.000782222,0.001124444,0.451634,0.821162
200000,0.000782222,0.001343333,0.603619,0.770325
200000,0.000782222,0.001562222,0.609593,0.74024
200000,0.000782222,0.001781111,0.617787,0.668753
200000,0.000782222,0.002,0.398066,0.366874
200000,0.000891111,3.00E-05,6.17885,0.0201573
200000,0.000891111,0.000248889,7.02553,-0.329163
200000,0.000891111,0.000467778,6.9632,-0.223141
200000,0.000891111,0.000686667,5.28997,0.000228842
200000,0.000891111,0.000905556,5.3909,0.000229079
200000,0.000891111,0.001124444,1.01688,1.11503
200000,0.000891111,0.001343333,0.832859,0.997134
200000,0.000891111,0.001562222,0.847217,0.889425
200000,0.000891111,0.001781111,0.469655,0.497372
200000,0.000891111,0.002,0.413035,0.477322
200000,0.001,3.00E-05,6.16726,-0.00879947
200000,0.001,0.000248889,6.91798,-0.435717
200000,0.001,0.000467778,5.6582,0.000228778
200000,0.001,0.000686667,0.000230392,0.000899117
200000,0.001,0.000905556,0.749245,1.38344
200000,0.001,0.001124444,1.06394,1.39616
200000,0.001,0.001343333,1.1164,1.26059
200000,0.001,0.001562222,0.672064,0.687594
200000,0.001,0.001781111,0.542316,0.624917
200000,0.001,0.002,0.528511,0.643007
